726848,357190,1.5144,1.2000,29.2358,2.2247,2.9073,1,1,0,1.65000,0.03500,2.00000,-1.0,20.0000,2.9073,2.2348,2.9073,-2.2538,2.2348,2.2538
726864,357200,1.8482,1.2000,31.4331,2.4247,2.6796,1,1,0,1.65000,0.03500,2.00000,-1.0,20.0000,2.6796,2.3905,2.6796,-2.4642,2.3905,2.4642
726881,357210,2.0102,1.2000,20.8130,2.2387,2.4121,1,1,0,1.65000,0.03500,2.00000,-1.0,20.0000,2.4121,2.0889,2.4121,-2.3475,2.0889,2.3475
726897,357220,2.0302,1.2000,12.8174,1.7289,1.6393,1,1,0,1.65000,0.03500,2.00000,-1.0,20.0000,1.6393,1.5136,1.6393,-1.8926,1.5136,1.8926
726914,357230,1.9467,1.2000,3.1128,1.1237,0.9063,1,1,0,1.65000,0.03500,2.00000,-1.0,20.0000,0.9063,0.9528,0.9063,-1.2387,0.9528,1.2387
726944,357240,1.7785,1.2000,-1.0986,0.2891,-0.3379,1,1,0,1.65000,0.03500,2.00000,-1.0,20.0000,-0.3379,0.2450,-0.3379,-0.3003,0.2450,0.3003
726982,357250,1.7315,1.2000,2.0752,0.0221,-0.9054,1,1,0,1.65000,0.03500,2.00000,-1.0,20.0000,-0.9054,0.0217,-0.9054,-0.0103,0.0217,0.0103
727024,357260,1.8283,1.2000,5.1270,-0.0554,-1.3270,1,1,0,1.65000,0.03500,2.00000,-1.0,20.0000,-1.3270,-0.0345,-1.3270,0.1046,-0.0345,-0.1046
727049,357270,1.8785,1.2000,2.4414,-0.2995,-1.8040,1,1,0,1.65000,0.03500,2.00000,-1.0,20.0000,-1.8040,-0.2364,-1.8040,0.3944,-0.2364,-0.3944
727065,357280,1.7198,1.2000,-7.0190,-0.6466,-1.9053,1,1,0,1.65000,0.03500,2.00000,-1.0,20.0000,-1.9053,-0.5875,-1.9053,0.7358,-0.5875,-0.7358
727082,357290,1.7200,1.2000,-3.6011,-0.8957,-2.5232,1,1,0,1.65000,0.03500,2.00000,-1.0,20.0000,-2.5232,-0.8515,-2.5232,0.9735,-0.8515,-0.9735
727100,357300,1.5173,1.2000,-12.9395,-1.2967,-2.6640,1,1,0,1.65000,0.03500,2.00000,-1.0,20.0000,-2.6640,-1.2903,-2.6640,1.3232,-1.2903,-1.3232
727118,357310,1.4087,1.2000,-11.9629,-1.4644,-2.8544,1,1,0,1.65000,0.03500,2.00000,-1.0,20.0000,-2.8544,-1.3805,-2.8544,1.5820,-1.3805,-1.5820
727135,357320,1.1757,1.2000,-19.6533,-1.7749,-2.8219,1,1,0,1.65000,0.03500,2.00000,-1.0,20.0000,-2.8219,-1.6607,-2.8219,1.9204,-1.6607,-1.9204
727151,357330,0.8925,1.2000,-24.6582,-2.0129,-2.6553,1,1,0,1.65000,0.03500,2.00000,-1.0,20.0000,-2.6553,-1.8773,-2.6553,2.1708,-1.8773,-2.1708
727168,357340,0.7137,1.2000,-20.8130,-2.1148,-2.6987,1,1,0,1.65000,0.03500,2.00000,-1.0,20.0000,-2.6987,-1.9640,-2.6987,2.2549,-1.9640,-2.2549
727185,357350,0.4714,1.2000,-24.8413,-2.1451,-2.2185,1,1,0,1.65000,0.03500,2.00000,-1.0,20.0000,-2.2185,-2.0392,-2.2185,2.2583,-2.0392,-2.2583
727201,357360,0.3001,1.2000,-18.9209,-1.9548,-1.7625,1,1,0,1.65000,0.03500,2.00000,-1.0,20.0000,-1.7625,-1.8031,-1.7625,2.0719,-1.8031,-2.0719
727218,357370,0.2928,1.2000,-11.4746,-1.6111,-1.3238,1,1,0,1.65000,0.03500,2.00000,-1.0,20.0000,-1.3238,-1.5148,-1.3238,1.6652,-1.5148,-1.6652
727234,357380,0.3001,1.2000,-6.1035,-1.1570,-0.6154,1,1,0,1.65000,0.03500,2.00000,-1.0,20.0000,-0.6154,-1.1579,-0.6154,1.0964,-1.1579,-1.0964
727251,357390,0.4663,1.2000,4.2114,-0.6238,-0.1844,1,1,0,1.65000,0.03500,2.00000,-1.0,20.0000,-0.1844,-0.6953,-0.1844,0.5086,-0.6953,-0.5086
727267,357400,0.5913,1.2000,2.6245,-0.2918,0.3290,1,1,0,1.65000,0.03500,2.00000,-1.0,20.0000,0.3290,-0.3331,0.3290,0.2244,-0.3331,-0.2244
727284,357410,0.6634,1.2000,1.5869,-0.1265,0.5769,1,1,0,1.65000,0.03500,2.00000,-1.0,20.0000,0.5769,-0.1429,0.5769,0.0982,-0.1429,-0.0982
727300,357420,0.7638,1.2000,1.8921,-0.0360,0.5815,1,1,0,1.65000,0.03500,2.00000,-1.0,20.0000,0.5815,-0.0639,0.5815,0.0032,-0.0639,-0.0032
727317,357430,0.7465,1.2000,-0.5493,-0.0096,0.7483,1,1,0,1.65000,0.03500,2.00000,-1.0,20.0000,0.7483,-0.0242,0.7483,-0.0057,-0.0242,0.0057
727334,357440,0.7436,1.2000,-1.2207,-0.0010,0.7938,1,1,0,1.65000,0.03500,2.00000,-1.0,20.0000,0.7938,-0.0076,0.7938,-0.0076,-0.0076,0.0076
727353,357450,0.7094,1.2000,-3.2959,0.0129,0.9506,1,1,0,1.65000,0.03500,2.00000,-1.0,20.0000,0.9506,-0.0015,0.9506,-0.0305,-0.0015,0.0305
727369,357460,0.6543,1.2000,-2.9297,0.0476,1.0981,1,1,0,1.65000,0.03500,2.00000,-1.0,20.0000,1.0981,0.0085,1.0981,-0.0917,0.0085,0.0917
727385,357470,0.5919,1.2000,-3.6621,0.1130,1.3575,1,1,0,1.65000,0.03500,2.00000,-1.0,20.0000,1.3575,0.0212,1.3575,-0.2121,0.0212,0.2121
727402,357480,0.5722,1.2000,-1.5869,0.2162,1.5238,1,1,0,1.65000,0.03500,2.00000,-1.0,20.0000,1.5238,0.0432,1.5238,-0.3980,0.0432,0.3980
727419,357490,0.5457,1.2000,-1.4648,0.3517,1.8343,1,1,0,1.65000,0.03500,2.00000,-1.0,20.0000,1.8343,0.1412,1.8343,-0.5850,0.1412,0.5850
727435,357500,0.6219,1.2000,7.2632,0.6411,1.9818,1,1,0,1.65000,0.03500,2.00000,-1.0,20.0000,1.9818,0.4576,1.9818,-0.8557,0.4576,0.8557
727451,357510,0.7308,1.2000,10.4980,0.9517,2.3101,1,1,0,1.65000,0.03500,2.00000,-1.0,20.0000,2.3101,0.8552,2.3101,-1.0873,0.8552,1.0873
727468,357520,0.9263,1.2000,18.4326,1.3267,2.4599,1,1,0,1.65000,0.03500,2.00000,-1.0,20.0000,2.4599,1.2778,2.4599,-1.4276,1.2778,1.4276
727485,357530,1.2322,1.2000,24.4141,1.7564,2.6052,1,1,0,1.65000,0.03500,2.00000,-1.0,20.0000,2.6052,1.6776,2.6052,-1.8564,1.6776,1.8564
727502,357540,1.4510,1.2000,23.8037,1.9025,2.5577,1,1,0,1.65000,0.03500,2.00000,-1.0,20.0000,2.5577,1.8656,2.5577,-1.9732,1.8656,1.9732
727518,357550,1.7251,1.2000,25.5127,2.0234,2.2876,1,1,0,1.65000,0.03500,2.00000,-1.0,20.0000,2.2876,1.9991,2.2876,-2.0556,1.9991,2.0556
727536,357560,2.0302,1.2000,26.1841,2.1000,1.9137,1,1,0,1.65000,0.03500,2.00000,-1.0,20.0000,1.9137,2.1186,1.9137,-2.0689,2.1186,2.0689
727554,357570,2.1257,1.2000,17.4561,1.7796,1.4209,1,1,0,1.65000,0.03500,2.00000,-1.0,20.0000,1.4209,1.7232,1.4209,-1.7979,1.7232,1.7979
727570,357580,2.1146,1.2000,7.6904,1.2788,0.7793,1,1,0,1.65000,0.03500,2.00000,-1.0,20.0000,0.7793,1.1676,0.7793,-1.3236,1.1676,1.3236
727586,357590,1.9545,1.2000,-0.0610,0.6757,0.1087,1,1,0,1.65000,0.03500,2.00000,-1.0,20.0000,0.1087,0.5825,0.1087,-0.7168,0.5825,0.7168
727603,357600,1.8392,1.2000,0.6714,0.2944,-0.4894,1,1,0,1.65000,0.03500,2.00000,-1.0,20.0000,-0.4894,0.2719,-0.4894,-0.2947,0.2719,0.2947
727619,357610,1.7975,1.2000,2.7466,0.1213,-0.8396,1,1,0,1.65000,0.03500,2.00000,-1.0,20.0000,-0.8396,0.1237,-0.8396,-0.1082,0.1237,0.1082
727635,357620,1.8091,1.2000,3.5400,0.0476,-1.0336,1,1,0,1.65000,0.03500,2.00000,-1.0,20.0000,-1.0336,0.0566,-1.0336,-0.0330,0.0566,0.0330
727653,357630,1.8719,1.2000,5.2490,-0.0121,-1.3166,1,1,0,1.65000,0.03500,2.00000,-1.0,20.0000,-1.3166,0.0252,-1.3166,0.0541,0.0252,-0.0541
727669,357640,1.9542,1.2000,5.8594,-0.0834,-1.6162,1,1,0,1.65000,0.03500,2.00000,-1.0,20.0000,-1.6162,-0.0241,-1.6162,0.1585,-0.0241,-0.1585
727685,357650,1.9759,1.2000,4.1504,-0.2506,-1.9269,1,1,0,1.65000,0.03500,2.00000,-1.0,20.0000,-1.9269,-0.1709,-1.9269,0.3536,-0.1709,-0.3536
727701,357660,1.9231,1.2000,-2.3804,-0.5460,-2.2018,1,1,0,1.65000,0.03500,2.00000,-1.0,20.0000,-2.2018,-0.4512,-2.2018,0.6765,-0.4512,-0.6765
727718,357670,1.8559,1.2000,-6.1035,-0.8858,-2.6402,1,1,0,1.65000,0.03500,2.00000,-1.0,20.0000,-2.6402,-0.8049,-2.6402,1.0083,-0.8049,-1.0083
727734,357680,1.6970,1.2000,-14.8315,-1.3892,-3.0794,1,1,0,1.65000,0.03500,2.00000,-1.0,20.0000,-3.0794,-1.3682,-3.0794,1.4974,-1.3682,-1.4974
727751,357690,1.3850,1.2000,-27.0386,-1.9712,-3.3014,1,1,0,1.65000,0.03500,2.00000,-1.0,20.0000,-3.3014,-1.8966,-3.3014,2.1244,-1.8966,-2.1244
727768,357700,0.9813,1.2000,-31.6162,-2.4396,-3.4118,1,1,0,1.65000,0.03500,2.00000,-1.0,20.0000,-3.4118,-2.3227,-3.4118,2.5973,-2.3227,-2.5973
727785,357710,0.6412,1.2000,-32.5317,-2.7004,-3.3401,1,1,0,1.65000,0.03500,2.00000,-1.0,20.0000,-3.3401,-2.5652,-3.3401,2.8587,-2.5652,-2.8587
727801,357720,0.2597,1.2000,-35.2173,-2.7974,-2.8107,1,1,0,1.65000,0.03500,2.00000,-1.0,20.0000,-2.8107,-2.6252,-2.8107,2.9546,-2.6252,-2.9546
727818,357730,0.2192,1.2000,-18.7378,-2.4704,-2.6667,1,1,0,1.65000,0.03500,2.00000,-1.0,20.0000,-2.6667,-2.3645,-2.6667,2.5493,-2.3645,-2.5493
727834,357740,0.1517,1.2000,-15.5640,-2.0377,-1.8009,1,1,0,1.65000,0.03500,2.00000,-1.0,20.0000,-1.8009,-1.9470,-1.8009,2.0671,-1.9470,-2.0671
727851,357750,0.2686,1.2000,-2.3193,-1.4128,-1.2076,1,1,0,1.65000,0.03500,2.00000,-1.0,20.0000,-1.2076,-1.3240,-1.2076,1.4500,-1.3240,-1.4500
727867,357760,0.3899,1.2000,0.3052,-0.9083,-0.4905,1,1,0,1.65000,0.03500,2.00000,-1.0,20.0000,-0.4905,-0.7359,-0.4905,1.0269,-0.7359,-1.0269
727884,357770,0.5735,1.2000,4.1504,-0.4859,-0.0832,1,1,0,1.65000,0.03500,2.00000,-1.0,20.0000,-0.0832,-0.3330,-0.0832,0.6098,-0.3330,-0.6098
727900,357780,0.6906,1.2000,4.5166,-0.2257,0.2309,1,1,0,1.65000,0.03500,2.00000,-1.0,20.0000,0.2309,-0.1394,0.2309,0.2902,-0.1394,-0.2902
727917,357790,0.7595,1.2000,1.7700,-0.0871,0.4907,1,1,0,1.65000,0.03500,2.00000,-1.0,20.0000,0.4907,-0.0531,0.4907,0.1108,-0.0531,-0.1108
727933,357800,0.8092,1.2000,0.6104,-0.0298,0.5640,1,1,0,1.65000,0.03500,2.00000,-1.0,20.0000,0.5640,-0.0154,0.5640,0.0412,-0.0154,-0.0412
727958,357810,0.8259,1.2000,-1.2817,0.0043,0.6707,1,1,0,1.65000,0.03500,2.00000,-1.0,20.0000,0.6707,0.0087,0.6707,-0.0042,0.0087,0.0042
727998,357820,0.7453,1.2000,-3.3569,0.0205,0.9088,1,1,0,1.65000,0.03500,2.00000,-1.0,20.0000,0.9088,0.0173,0.9088,-0.0244,0.0173,0.0244
728037,357830,0.5763,1.2000,-3.7842,0.1260,1.4136,1,1,0,1.65000,0.03500,2.00000,-1.0,20.0000,1.4136,0.0666,1.4136,-0.2017,0.0666,0.2017
728055,357840,0.5637,1.2000,1.8311,0.4161,1.8180,1,1,0,1.65000,0.03500,2.00000,-1.0,20.0000,1.8180,0.2899,1.8180,-0.5968,0.2899,0.5968
728073,357850,0.7361,1.2000,11.8408,0.9036,2.1583,1,1,0,1.65000,0.03500,2.00000,-1.0,20.0000,2.1583,0.7078,2.1583,-1.1327,0.7078,1.1327
728089,357860,0.8502,1.2000,12.4512,1.1789,2.4993,1,1,0,1.65000,0.03500,2.00000,-1.0,20.0000,2.4993,0.9654,2.4993,-1.4152,0.9654,1.4152
728107,357870,1.0331,1.2000,16.3574,1.4285,2.5599,1,1,0,1.65000,0.03500,2.00000,-1.0,20.0000,2.5599,1.2334,2.5599,-1.6400,1.2334,1.6400
728125,357880,1.1267,1.2000,12.6953,1.4290,2.5347,1,1,0,1.65000,0.03500,2.00000,-1.0,20.0000,2.5347,1.2499,2.5347,-1.6125,1.2499,1.6125
728143,357890,1.3063,1.2000,18.0054,1.5127,2.2198,1,1,0,1.65000,0.03500,2.00000,-1.0,20.0000,2.2198,1.3825,2.2198,-1.6464,1.3825,1.6464
728162,357900,1.4971,1.2000,18.4937,1.5656,1.9938,1,1,0,1.65000,0.03500,2.00000,-1.0,20.0000,1.9938,1.5051,1.9938,-1.6384,1.5051,1.6384
728179,357910,1.6035,1.2000,15.8081,1.4991,1.7792,1,1,0,1.65000,0.03500,2.00000,-1.0,20.0000,1.7792,1.4092,1.7792,-1.5707,1.4092,1.5707
728196,357920,1.7246,1.2000,14.4653,1.3259,1.2799,1,1,0,1.65000,0.03500,2.00000,-1.0,20.0000,1.2799,1.2683,1.2799,-1.3626,1.2683,1.3626
728213,357930,1.7146,1.2000,8.7891,1.0899,1.0231,1,1,0,1.65000,0.03500,2.00000,-1.0,20.0000,1.0231,1.0420,1.0231,-1.1077,1.0420,1.1077
728230,357940,1.7224,1.2000,8.1787,0.8463,0.5443,1,1,0,1.65000,0.03500,2.00000,-1.0,20.0000,0.5443,0.8200,0.5443,-0.8476,0.8200,0.8476
728247,357950,1.6978,1.2000,3.4180,0.5287,0.1164,1,1,0,1.65000,0.03500,2.00000,-1.0,20.0000,0.1164,0.4941,0.1164,-0.5263,0.4941,0.5263
728264,357960,1.6181,1.2000,1.1597,0.2475,-0.2354,1,1,0,1.65000,0.03500,2.00000,-1.0,20.0000,-0.2354,0.2271,-0.2354,-0.2447,0.2271,0.2447
728283,357970,1.6439,1.2000,2.9907,0.0944,-0.6483,1,1,0,1.65000,0.03500,2.00000,-1.0,20.0000,-0.6483,0.1043,-0.6483,-0.0761,0.1043,0.0761
728299,357980,1.6861,1.2000,5.3101,0.0383,-0.9114,1,1,0,1.65000,0.03500,2.00000,-1.0,20.0000,-0.9114,0.0526,-0.9114,-0.0196,0.0526,0.0196
728316,357990,1.7776,1.2000,6.7139,0.0069,-1.1743,1,1,0,1.65000,0.03500,2.00000,-1.0,20.0000,-1.1743,0.0313,-1.1743,0.0206,0.0313,-0.0206
728332,358000,1.8742,1.2000,7.1411,-0.0226,-1.4075,1,1,0,1.65000,0.03500,2.00000,-1.0,20.0000,-1.4075,0.0185,-1.4075,0.0674,0.0185,-0.0674
728349,358010,1.9710,1.2000,5.9814,-0.1230,-1.7274,1,1,0,1.65000,0.03500,2.00000,-1.0,20.0000,-1.7274,-0.0508,-1.7274,0.2385,-0.0508,-0.2385
728368,358020,2.0013,1.2000,-1.2207,-0.5088,-2.2970,1,1,0,1.65000,0.03500,2.00000,-1.0,20.0000,-2.2970,-0.4086,-2.2970,0.6729,-0.4086,-0.6729
728398,358030,1.6240,1.2000,-16.2964,-1.4640,-3.0573,1,1,0,1.65000,0.03500,2.00000,-1.0,20.0000,-3.0573,-1.3879,-3.0573,1.5975,-1.3879,-1.5975
728415,358040,1.3168,1.2000,-26.3672,-1.9864,-3.2427,1,1,0,1.65000,0.03500,2.00000,-1.0,20.0000,-3.2427,-1.9363,-3.2427,2.0836,-1.9363,-2.0836
728432,358050,0.8803,1.2000,-33.7524,-2.4508,-3.1928,1,1,0,1.65000,0.03500,2.00000,-1.0,20.0000,-3.1928,-2.3566,-3.1928,2.5812,-2.3566,-2.5812
728448,358060,0.6658,1.2000,-23.4375,-2.4932,-3.2847,1,1,0,1.65000,0.03500,2.00000,-1.0,20.0000,-3.2847,-2.4076,-3.2847,2.5635,-2.4076,-2.5635
728467,358070,0.4785,1.2000,-19.5923,-2.2916,-2.7071,1,1,0,1.65000,0.03500,2.00000,-1.0,20.0000,-2.7071,-2.1882,-2.7071,2.3636,-2.1882,-2.3636
728485,358080,0.4292,1.2000,-13.6719,-1.9612,-2.1720,1,1,0,1.65000,0.03500,2.00000,-1.0,20.0000,-2.1720,-1.7869,-2.1720,2.1138,-1.7869,-2.1138
728502,358090,0.3292,1.2000,-13.3057,-1.6965,-1.4904,1,1,0,1.65000,0.03500,2.00000,-1.0,20.0000,-1.4904,-1.5200,-1.4904,1.8345,-1.5200,-1.8345
728518,358100,0.4244,1.2000,-2.8076,-1.2794,-1.1808,1,1,0,1.65000,0.03500,2.00000,-1.0,20.0000,-1.1808,-1.0967,-1.1808,1.4291,-1.0967,-1.4291
728535,358110,0.4666,1.2000,-3.1738,-0.9366,-0.5522,1,1,0,1.65000,0.03500,2.00000,-1.0,20.0000,-0.5522,-0.7927,-0.5522,1.0420,-0.7927,-1.0420
728552,358120,0.6246,1.2000,4.7607,-0.5365,-0.2902,1,1,0,1.65000,0.03500,2.00000,-1.0,20.0000,-0.2902,-0.4799,-0.2902,0.5520,-0.4799,-0.5520
728570,358130,0.7675,1.2000,4.9438,-0.2546,0.0315,1,1,0,1.65000,0.03500,2.00000,-1.0,20.0000,0.0315,-0.2386,0.0315,0.2526,-0.2386,-0.2526
728586,358140,0.8465,1.2000,3.1128,-0.1118,0.2507,1,1,0,1.65000,0.03500,2.00000,-1.0,20.0000,0.2507,-0.1033,0.2507,0.1097,-0.1033,-0.1097
728602,358150,0.9507,1.2000,3.0518,-0.0451,0.2144,1,1,0,1.65000,0.03500,2.00000,-1.0,20.0000,0.2144,-0.0447,0.2144,0.0424,-0.0447,-0.0424
728618,358160,0.9863,1.2000,2.0752,-0.0166,0.2468,1,1,0,1.65000,0.03500,2.00000,-1.0,20.0000,0.2468,-0.0184,0.2468,0.0133,-0.0184,-0.0133
728635,358170,1.0132,1.2000,0.7935,-0.0042,0.2720,1,1,0,1.65000,0.03500,2.00000,-1.0,20.0000,0.2720,-0.0058,0.2720,0.0017,-0.0058,-0.0017
728651,358180,1.0210,1.2000,-0.4883,0.0036,0.3195,1,1,0,1.65000,0.03500,2.00000,-1.0,20.0000,0.3195,0.0004,0.3195,-0.0069,0.0004,0.0069
728667,358190,0.9928,1.2000,-1.2207,0.0095,0.4035,1,1,0,1.65000,0.03500,2.00000,-1.0,20.0000,0.4035,0.0064,0.4035,-0.0137,0.0064,0.0137
728684,358200,0.9397,1.2000,-2.2583,0.0164,0.5413,1,1,0,1.65000,0.03500,2.00000,-1.0,20.0000,0.5413,0.0091,0.5413,-0.0222,0.0091,0.0222
728701,358210,0.8936,1.2000,-3.2349,0.0161,0.6509,1,1,0,1.65000,0.03500,2.00000,-1.0,20.0000,0.6509,0.0093,0.6509,-0.0232,0.0093,0.0232
728717,358220,0.8254,1.2000,-4.3945,0.0176,0.8071,1,1,0,1.65000,0.03500,2.00000,-1.0,20.0000,0.8071,0.0111,0.8071,-0.0242,0.0111,0.0242
728733,358230,0.7368,1.2000,-4.8828,0.0286,0.9924,1,1,0,1.65000,0.03500,2.00000,-1.0,20.0000,0.9924,0.0149,0.9924,-0.0423,0.0149,0.0423
728750,358240,0.6297,1.2000,-5.2490,0.0610,1.2467,1,1,0,1.65000,0.03500,2.00000,-1.0,20.0000,1.2467,0.0366,1.2467,-0.0942,0.0366,0.0942
728768,358250,0.5782,1.2000,-3.6621,0.1769,1.5081,1,1,0,1.65000,0.03500,2.00000,-1.0,20.0000,1.5081,0.0821,1.5081,-0.2836,0.0821,0.2836
728784,358260,0.5497,1.2000,-0.4883,0.3818,1.8538,1,1,0,1.65000,0.03500,2.00000,-1.0,20.0000,1.8538,0.2304,1.8538,-0.5722,0.2304,0.5722
728801,358270,0.7103,1.2000,10.9253,0.7534,1.9324,1,1,0,1.65000,0.03500,2.00000,-1.0,20.0000,1.9324,0.6069,1.9324,-0.9357,0.6069,0.9357
728817,358280,0.8229,1.2000,11.2915,1.1052,2.4373,1,1,0,1.65000,0.03500,2.00000,-1.0,20.0000,2.4373,1.0242,2.4373,-1.2332,1.0242,1.2332
728834,358290,1.0777,1.2000,22.2168,1.5410,2.5063,1,1,0,1.65000,0.03500,2.00000,-1.0,20.0000,2.5063,1.4420,2.5063,-1.6865,1.4420,1.6865
728850,358300,1.4083,1.2000,25.3906,1.8832,2.5341,1,1,0,1.65000,0.03500,2.00000,-1.0,20.0000,2.5341,1.7696,2.5341,-1.9998,1.7696,1.9998
728867,358310,1.4896,1.2000,17.4561,1.7840,2.4793,1,1,0,1.65000,0.03500,2.00000,-1.0,20.0000,2.4793,1.6533,2.4793,-1.9122,1.6533,1.9122
728883,358320,1.6441,1.2000,16.9678,1.6211,1.9156,1,1,0,1.65000,0.03500,2.00000,-1.0,20.0000,1.9156,1.4452,1.9156,-1.7563,1.4452,1.7563
728900,358330,1.6024,1.2000,6.5308,1.1762,1.4599,1,1,0,1.65000,0.03500,2.00000,-1.0,20.0000,1.4599,1.0207,1.4599,-1.3014,1.0207,1.3014
728917,358340,1.5761,1.2000,6.2256,0.8736,0.9086,1,1,0,1.65000,0.03500,2.00000,-1.0,20.0000,0.9086,0.7570,0.9086,-0.9615,0.7570,0.9615
728933,358350,1.5120,1.2000,1.6479,0.5647,0.5570,1,1,0,1.65000,0.03500,2.00000,-1.0,20.0000,0.5570,0.4768,0.5570,-0.6226,0.4768,0.6226
728949,358360,1.4251,1.2000,0.0610,0.3186,0.2637,1,1,0,1.65000,0.03500,2.00000,-1.0,20.0000,0.2637,0.2422,0.2637,-0.3713,0.2422,0.3713
728970,358370,1.3925,1.2000,1.3428,0.1258,-0.1130,1,1,0,1.65000,0.03500,2.00000,-1.0,20.0000,-0.1130,0.0877,-0.1130,-0.1519,0.0877,0.1519
729006,358380,1.4309,1.2000,4.2114,0.0162,-0.4959,1,1,0,1.65000,0.03500,2.00000,-1.0,20.0000,-0.4959,0.0111,-0.4959,-0.0162,0.0111,0.0162
729048,358390,1.6564,1.2000,7.2632,-0.0125,-1.0323,1,1,0,1.65000,0.03500,2.00000,-1.0,20.0000,-1.0323,-0.0075,-1.0323,0.0217,-0.0075,-0.0217
729078,358400,1.8594,1.2000,7.2632,-0.0935,-1.5291,1,1,0,1.65000,0.03500,2.00000,-1.0,20.0000,-1.5291,-0.0556,-1.5291,0.1492,-0.0556,-0.1492
729095,358410,1.8736,1.2000,1.4038,-0.3397,-1.8400,1,1,0,1.65000,0.03500,2.00000,-1.0,20.0000,-1.8400,-0.2589,-1.8400,0.4557,-0.2589,-0.4557
729112,358420,1.8003,1.2000,-6.7139,-0.7334,-2.2222,1,1,0,1.65000,0.03500,2.00000,-1.0,20.0000,-2.2222,-0.6223,-2.2222,0.8838,-0.6223,-0.8838
729132,358430,1.6257,1.2000,-11.9629,-1.2209,-2.7256,1,1,0,1.65000,0.03500,2.00000,-1.0,20.0000,-2.7256,-1.1953,-2.7256,1.3132,-1.1953,-1.3132
729155,358440,1.3778,1.2000,-14.5264,-1.5649,-2.9147,1,1,0,1.65000,0.03500,2.00000,-1.0,20.0000,-2.9147,-1.5066,-2.9147,1.6577,-1.5066,-1.6577
729173,358450,1.2176,1.2000,-15.0146,-1.7631,-3.0296,1,1,0,1.65000,0.03500,2.00000,-1.0,20.0000,-3.0296,-1.6280,-3.0296,1.9207,-1.6280,-1.9207
729190,358460,0.9527,1.2000,-24.0478,-2.0860,-2.9224,1,1,0,1.65000,0.03500,2.00000,-1.0,20.0000,-2.9224,-1.9301,-2.9224,2.2607,-1.9301,-2.2607
729208,358470,0.6752,1.2000,-22.7661,-2.2266,-2.7906,1,1,0,1.65000,0.03500,2.00000,-1.0,20.0000,-2.7906,-2.0820,-2.7906,2.3825,-2.0820,-2.3825
729225,358480,0.5085,1.2000,-20.6299,-2.1526,-2.4422,1,1,0,1.65000,0.03500,2.00000,-1.0,20.0000,-2.4422,-2.0476,-2.4422,2.2482,-2.0476,-2.2482
729242,358490,0.2963,1.2000,-21.3623,-2.0803,-1.9219,1,1,0,1.65000,0.03500,2.00000,-1.0,20.0000,-1.9219,-2.0159,-1.9219,2.1363,-2.0159,-2.1363
729258,358500,0.2695,1.2000,-12.3291,-1.7657,-1.5646,1,1,0,1.65000,0.03500,2.00000,-1.0,20.0000,-1.5646,-1.6635,-1.5646,1.8369,-1.6635,-1.8369
729275,358510,0.2220,1.2000,-9.9487,-1.4068,-0.8518,1,1,0,1.65000,0.03500,2.00000,-1.0,20.0000,-0.8518,-1.3238,-0.8518,1.4412,-1.3238,-1.4412
729293,358520,0.3513,1.2000,1.5869,-0.8060,-0.2672,1,1,0,1.65000,0.03500,2.00000,-1.0,20.0000,-0.2672,-0.7433,-0.2672,0.8188,-0.7433,-0.8188
729310,358530,0.5146,1.2000,4.5776,-0.3668,0.2371,1,1,0,1.65000,0.03500,2.00000,-1.0,20.0000,0.2371,-0.3391,0.2371,0.3613,-0.3391,-0.3613
729326,358540,0.5924,1.2000,2.3193,-0.1516,0.6182,1,1,0,1.65000,0.03500,2.00000,-1.0,20.0000,0.6182,-0.1581,0.6182,0.1315,-0.1581,-0.1315
729343,358550,0.6506,1.2000,1.2207,-0.0590,0.7457,1,1,0,1.65000,0.03500,2.00000,-1.0,20.0000,0.7457,-0.0705,0.7457,0.0413,-0.0705,-0.0413
729359,358560,0.6553,1.2000,0.1831,-0.0199,0.8526,1,1,0,1.65000,0.03500,2.00000,-1.0,20.0000,0.8526,-0.0335,0.8526,0.0037,-0.0335,-0.0037
729377,358570,0.6568,1.2000,-0.9766,0.0008,0.9321,1,1,0,1.65000,0.03500,2.00000,-1.0,20.0000,0.9321,-0.0152,0.9321,-0.0187,-0.0152,0.0187
729394,358580,0.6293,1.2000,-2.3193,0.0118,1.0466,1,1,0,1.65000,0.03500,2.00000,-1.0,20.0000,1.0466,-0.0078,1.0466,-0.0327,-0.0078,0.0327
729410,358590,0.5933,1.2000,-2.8076,0.0408,1.1811,1,1,0,1.65000,0.03500,2.00000,-1.0,20.0000,1.1811,-0.0035,1.1811,-0.0933,-0.0035,0.0933
729426,358600,0.5636,1.2000,-2.4414,0.1026,1.3406,1,1,0,1.65000,0.03500,2.00000,-1.0,20.0000,1.3406,0.0092,1.3406,-0.2041,0.0092,0.2041
729442,358610,0.5367,1.2000,-1.6479,0.1936,1.5393,1,1,0,1.65000,0.03500,2.00000,-1.0,20.0000,1.5393,0.0347,1.5393,-0.3642,0.0347,0.3642
729459,358620,0.5288,1.2000,0.7324,0.3762,1.8342,1,1,0,1.65000,0.03500,2.00000,-1.0,20.0000,1.8342,0.1969,1.8342,-0.5865,0.1969,0.5865
729476,358630,0.6154,1.2000,8.6670,0.7571,2.1756,1,1,0,1.65000,0.03500,2.00000,-1.0,20.0000,2.1756,0.6236,2.1756,-0.9298,0.6236,0.9298
729492,358640,0.7605,1.2000,14.0381,1.1713,2.5764,1,1,0,1.65000,0.03500,2.00000,-1.0,20.0000,2.5764,1.0951,2.5764,-1.2978,1.0951,1.2978
729509,358650,1.0859,1.2000,24.3530,1.7100,2.7559,1,1,0,1.65000,0.03500,2.00000,-1.0,20.0000,2.7559,1.6824,2.7559,-1.7728,1.6824,1.7728
729526,358660,1.4260,1.2000,26.2451,2.0436,2.7958,1,1,0,1.65000,0.03500,2.00000,-1.0,20.0000,2.7958,1.9844,2.7958,-2.1272,1.9844,2.1272
729550,358670,1.8600,1.2000,28.2593,2.1601,2.2421,1,1,0,1.65000,0.03500,2.00000,-1.0,20.0000,2.2421,2.1193,2.2421,-2.2104,2.1193,2.2104
729567,358680,2.0647,1.2000,23.0103,2.0247,1.8172,1,1,0,1.65000,0.03500,2.00000,-1.0,20.0000,1.8172,2.0009,1.8172,-2.0243,2.0009,2.0243
729584,358690,2.1652,1.2000,18.2495,1.7214,1.2115,1,1,0,1.65000,0.03500,2.00000,-1.0,20.0000,1.2115,1.7244,1.2115,-1.6754,1.7244,1.6754
729603,358700,2.1523,1.2000,4.9438,1.0576,0.3710,1,1,0,1.65000,0.03500,2.00000,-1.0,20.0000,0.3710,1.0322,0.3710,-1.0154,1.0322,1.0154
729620,358710,1.9725,1.2000,-2.0752,0.4981,-0.2058,1,1,0,1.65000,0.03500,2.00000,-1.0,20.0000,-0.2058,0.4753,-0.2058,-0.4783,0.4753,0.4783
729637,358720,1.9269,1.2000,0.1831,0.1943,-0.8173,1,1,0,1.65000,0.03500,2.00000,-1.0,20.0000,-0.8173,0.1913,-0.8173,-0.1756,0.1913,0.1756
729654,358730,1.8943,1.2000,2.6855,0.0760,-1.0875,1,1,0,1.65000,0.03500,2.00000,-1.0,20.0000,-1.0875,0.0794,-1.0875,-0.0654,0.0794,0.0654
729670,358740,1.9104,1.2000,4.8218,0.0175,-1.3059,1,1,0,1.65000,0.03500,2.00000,-1.0,20.0000,-1.3059,0.0164,-1.3059,-0.0142,0.0164,0.0142
729687,358750,1.9363,1.2000,4.2114,-0.0487,-1.4597,1,1,0,1.65000,0.03500,2.00000,-1.0,20.0000,-1.4597,-0.0265,-1.4597,0.0763,-0.0265,-0.0763
729704,358760,1.9586,1.2000,4.0894,-0.1561,-1.7071,1,1,0,1.65000,0.03500,2.00000,-1.0,20.0000,-1.7071,-0.0861,-1.7071,0.2409,-0.0861,-0.2409
729720,358770,1.9664,1.2000,0.6104,-0.3814,-2.0487,1,1,0,1.65000,0.03500,2.00000,-1.0,20.0000,-2.0487,-0.2789,-2.0487,0.5170,-0.2789,-0.5170
729736,358780,1.8466,1.2000,-7.2021,-0.7603,-2.3353,1,1,0,1.65000,0.03500,2.00000,-1.0,20.0000,-2.3353,-0.6377,-2.3353,0.9205,-0.6377,-0.9205
729752,358790,1.7443,1.2000,-11.5356,-1.1486,-2.7915,1,1,0,1.65000,0.03500,2.00000,-1.0,20.0000,-2.7915,-1.0210,-2.7915,1.3341,-1.0210,-1.3341
729769,358800,1.3871,1.2000,-23.7427,-1.7311,-2.9400,1,1,0,1.65000,0.03500,2.00000,-1.0,20.0000,-2.9400,-1.6179,-2.9400,1.8924,-1.6179,-1.8924
729787,358810,1.1572,1.2000,-23.5596,-2.1060,-3.3168,1,1,0,1.65000,0.03500,2.00000,-1.0,20.0000,-3.3168,-1.9901,-3.3168,2.2723,-1.9901,-2.2723
729804,358820,0.8910,1.2000,-33.2031,-2.4519,-3.2319,1,1,0,1.65000,0.03500,2.00000,-1.0,20.0000,-3.2319,-2.3399,-3.2319,2.6074,-2.3399,-2.6074
729820,358830,0.5869,1.2000,-36.0718,-2.7041,-3.1340,1,1,0,1.65000,0.03500,2.00000,-1.0,20.0000,-3.1340,-2.6250,-3.1340,2.7922,-2.6250,-2.7922
729837,358840,0.4073,1.2000,-33.6914,-2.6127,-2.7381,1,1,0,1.65000,0.03500,2.00000,-1.0,20.0000,-2.7381,-2.5420,-2.7381,2.6601,-2.5420,-2.6601
729853,358850,0.2706,1.2000,-24.4141,-2.1700,-1.9521,1,1,0,1.65000,0.03500,2.00000,-1.0,20.0000,-1.9521,-2.0939,-1.9521,2.1857,-2.0939,-2.1857
729870,358860,0.3778,1.2000,-12.3291,-1.4526,-1.1170,1,1,0,1.65000,0.03500,2.00000,-1.0,20.0000,-1.1170,-1.3299,-1.1170,1.5137,-1.3299,-1.5137
729886,358870,0.3865,1.2000,-8.8501,-0.8379,-0.0237,1,1,0,1.65000,0.03500,2.00000,-1.0,20.0000,-0.0237,-0.6791,-0.0237,0.9242,-0.6791,-0.9242
729903,358880,0.4075,1.2000,-7.1411,-0.3662,0.8251,1,1,0,1.65000,0.03500,2.00000,-1.0,20.0000,0.8251,-0.3185,0.8251,0.3840,-0.3185,-0.3840
729920,358890,0.3616,1.2000,-6.1035,-0.0995,1.3979,1,1,0,1.65000,0.03500,2.00000,-1.0,20.0000,1.3979,-0.1483,1.3979,0.0273,-0.1483,-0.0273
729936,358900,0.1984,1.2000,-7.1411,0.0908,2.0843,1,1,0,1.65000,0.03500,2.00000,-1.0,20.0000,2.0843,-0.0136,2.0843,-0.2218,-0.0136,0.2218
729954,358910,0.1655,1.2000,2.5024,0.5385,2.6964,1,1,0,1.65000,0.03500,2.00000,-1.0,20.0000,2.6964,0.4393,2.6964,-0.7026,0.4393,0.7026
729970,358920,0.3569,1.2000,14.7095,1.1993,3.2749,1,1,0,1.65000,0.03500,2.00000,-1.0,20.0000,3.2749,1.0626,3.2749,-1.4031,1.0626,1.4031
729987,358930,0.5426,1.2000,17.8833,1.7472,3.9531,1,1,0,1.65000,0.03500,2.00000,-1.0,20.0000,3.9531,1.6151,3.9531,-1.9959,1.6151,1.9959
730018,358940,1.2570,1.2000,35.4004,2.8125,4.2919,1,1,0,1.65000,0.03500,2.00000,-1.0,20.0000,4.2919,2.7865,4.2919,-2.9126,2.7865,2.9126
730047,358950,2.1478,1.2000,34.0576,3.2247,3.6935,1,1,0,1.65000,0.03500,2.00000,-1.0,20.0000,3.6935,3.1682,3.6935,-3.2803,3.1682,3.2803
730083,358960,2.7003,1.2000,5.4321,2.1239,1.5821,1,1,0,1.65000,0.03500,2.00000,-1.0,20.0000,1.5821,1.9113,1.5821,-2.0481,1.9113,2.0481
730121,358970,2.0916,1.2000,-9.5825,0.3736,-0.3887,1,1,0,1.65000,0.03500,2.00000,-1.0,20.0000,-0.3887,0.2867,-0.3887,-0.3548,0.2867,0.3548
730141,358980,1.7462,1.2000,-8.0566,0.1277,-0.3639,1,1,0,1.65000,0.03500,2.00000,-1.0,20.0000,-0.3639,0.1198,-0.3639,-0.1239,0.1198,0.1239
730157,358990,1.5528,1.2000,-4.2725,0.0607,-0.3112,1,1,0,1.65000,0.03500,2.00000,-1.0,20.0000,-0.3112,0.0524,-0.3112,-0.0648,0.0524,0.0648
730173,359000,1.3440,1.2000,-3.9673,0.0278,-0.0431,1,1,0,1.65000,0.03500,2.00000,-1.0,20.0000,-0.0431,0.0246,-0.0431,-0.0294,0.0246,0.0294
730193,359010,1.1888,1.2000,-2.1362,0.0151,0.1234,1,1,0,1.65000,0.03500,2.00000,-1.0,20.0000,0.1234,0.0135,0.1234,-0.0178,0.0135,0.0178
730211,359020,1.0711,1.2000,-1.4038,0.0130,0.2877,1,1,0,1.65000,0.03500,2.00000,-1.0,20.0000,0.2877,0.0081,0.2877,-0.0190,0.0081,0.0190
730227,359030,1.0355,1.2000,-0.7324,0.0106,0.3182,1,1,0,1.65000,0.03500,2.00000,-1.0,20.0000,0.3182,0.0055,0.3182,-0.0149,0.0055,0.0149
730243,359040,1.0305,1.2000,1.0986,0.0094,0.2600,1,1,0,1.65000,0.03500,2.00000,-1.0,20.0000,0.2600,0.0037,0.2600,-0.0143,0.0037,0.0143
730259,359050,1.0407,1.2000,2.5024,0.0084,0.1921,1,1,0,1.65000,0.03500,2.00000,-1.0,20.0000,0.1921,0.0022,0.1921,-0.0148,0.0022,0.0148
730276,359060,1.0526,1.2000,3.4180,0.0044,0.1324,1,1,0,1.65000,0.03500,2.00000,-1.0,20.0000,0.1324,0.0010,0.1324,-0.0075,0.0010,0.0075
730292,359070,1.1055,1.2000,4.0894,0.0029,0.0184,1,1,0,1.65000,0.03500,2.00000,-1.0,20.0000,0.0184,0.0004,0.0184,-0.0050,0.0004,0.0050
730310,359080,1.2026,1.2000,4.7607,-0.0004,-0.1718,1,1,0,1.65000,0.03500,2.00000,-1.0,20.0000,-0.1718,-0.0013,-0.1718,0.0006,-0.0013,-0.0006
730326,359090,1.3326,1.2000,5.5542,-0.0065,-0.4262,1,1,0,1.65000,0.03500,2.00000,-1.0,20.0000,-0.4262,-0.0059,-0.4262,0.0076,-0.0059,-0.0076
730342,359100,1.5116,1.2000,5.3101,-0.0120,-0.7240,1,1,0,1.65000,0.03500,2.00000,-1.0,20.0000,-0.7240,-0.0084,-0.7240,0.0167,-0.0084,-0.0167
730358,359110,1.6561,1.2000,5.0659,-0.0186,-0.9671,1,1,0,1.65000,0.03500,2.00000,-1.0,20.0000,-0.9671,-0.0091,-0.9671,0.0279,-0.0091,-0.0279
730375,359120,1.8213,1.2000,4.4556,-0.0319,-1.2449,1,1,0,1.65000,0.03500,2.00000,-1.0,20.0000,-1.2449,-0.0195,-1.2449,0.0477,-0.0195,-0.0477
730392,359130,1.9220,1.2000,2.3804,-0.1290,-1.5326,1,1,0,1.65000,0.03500,2.00000,-1.0,20.0000,-1.5326,-0.0715,-1.5326,0.2122,-0.0715,-0.2122
730410,359140,1.9275,1.2000,-4.9438,-0.3851,-1.7976,1,1,0,1.65000,0.03500,2.00000,-1.0,20.0000,-1.7976,-0.2920,-1.7976,0.5082,-0.2920,-0.5082
730427,359150,1.8293,1.2000,-10.9863,-0.6850,-2.0239,1,1,0,1.65000,0.03500,2.00000,-1.0,20.0000,-2.0239,-0.6090,-2.0239,0.7845,-0.6090,-0.7845
730443,359160,1.7039,1.2000,-14.5874,-0.8955,-2.1119,1,1,0,1.65000,0.03500,2.00000,-1.0,20.0000,-2.1119,-0.8073,-2.1119,1.0071,-0.8073,-1.0071
730460,359170,1.5535,1.2000,-15.5029,-1.0413,-2.1233,1,1,0,1.65000,0.03500,2.00000,-1.0,20.0000,-2.1233,-0.9142,-2.1233,1.1767,-0.9142,-1.1767
730476,359180,1.4171,1.2000,-15.1978,-1.0913,-2.0090,1,1,0,1.65000,0.03500,2.00000,-1.0,20.0000,-2.0090,-0.9409,-2.0090,1.2455,-0.9409,-1.2455
730492,359190,1.2198,1.2000,-17.8223,-1.1191,-1.6472,1,1,0,1.65000,0.03500,2.00000,-1.0,20.0000,-1.6472,-0.8974,-1.6472,1.3366,-0.8974,-1.3366
730509,359200,1.0893,1.2000,-15.3809,-1.0054,-1.2899,1,1,0,1.65000,0.03500,2.00000,-1.0,20.0000,-1.2899,-0.7724,-1.2899,1.2243,-0.7724,-1.2243
730526,359210,0.9712,1.2000,-12.5732,-0.8039,-0.7901,1,1,0,1.65000,0.03500,2.00000,-1.0,20.0000,-0.7901,-0.6081,-0.7901,0.9765,-0.6081,-0.9765
730542,359220,0.9218,1.2000,-6.5308,-0.4767,-0.2659,1,1,0,1.65000,0.03500,2.00000,-1.0,20.0000,-0.2659,-0.3199,-0.2659,0.5982,-0.3199,-0.5982
730559,359230,0.8992,1.2000,-5.4932,-0.2077,0.2731,1,1,0,1.65000,0.03500,2.00000,-1.0,20.0000,0.2731,-0.1282,0.2731,0.2650,-0.1282,-0.2650
730575,359240,0.8409,1.2000,-6.1035,-0.0617,0.6829,1,1,0,1.65000,0.03500,2.00000,-1.0,20.0000,0.6829,-0.0392,0.6829,0.0741,-0.0392,-0.0741
730592,359250,0.7281,1.2000,-8.5449,-0.0089,1.0599,1,1,0,1.65000,0.03500,2.00000,-1.0,20.0000,1.0599,0.0019,1.0599,0.0150,0.0019,-0.0150
730609,359260,0.6025,1.2000,-8.6670,0.0522,1.3937,1,1,0,1.65000,0.03500,2.00000,-1.0,20.0000,1.3937,0.0420,1.3937,-0.0768,0.0420,0.0768
730626,359270,0.5282,1.2000,-6.0425,0.2007,1.7214,1,1,0,1.65000,0.03500,2.00000,-1.0,20.0000,1.7214,0.1300,1.7214,-0.2971,0.1300,0.2971
730642,359280,0.5449,1.2000,2.1362,0.5431,2.0923,1,1,0,1.65000,0.03500,2.00000,-1.0,20.0000,2.0923,0.4316,2.0923,-0.7130,0.4316,0.7130
730658,359290,0.7143,1.2000,12.0850,1.0820,2.5424,1,1,0,1.65000,0.03500,2.00000,-1.0,20.0000,2.5424,0.9680,2.5424,-1.2513,0.9680,1.2513
730675,359300,0.8813,1.2000,18.1274,1.5862,3.0637,1,1,0,1.65000,0.03500,2.00000,-1.0,20.0000,3.0637,1.4707,3.0637,-1.7600,1.4707,1.7600
730691,359310,1.1406,1.2000,22.8882,1.9497,3.1962,1,1,0,1.65000,0.03500,2.00000,-1.0,20.0000,3.1962,1.7706,3.1962,-2.1550,1.7706,2.1550
730708,359320,1.2993,1.2000,20.2637,2.0305,3.1879,1,1,0,1.65000,0.03500,2.00000,-1.0,20.0000,3.1879,1.7923,3.1879,-2.2731,1.7923,2.2731
730725,359330,1.4855,1.2000,21.4233,2.0200,2.8191,1,1,0,1.65000,0.03500,2.00000,-1.0,20.0000,2.8191,1.8473,2.8191,-2.1938,1.8473,2.1938
730741,359340,1.6866,1.2000,22.5220,2.0352,2.4793,1,1,0,1.65000,0.03500,2.00000,-1.0,20.0000,2.4793,1.9962,2.4793,-2.0707,1.9962,2.0707
730758,359350,1.8151,1.2000,20.4468,1.9256,2.1208,1,1,0,1.65000,0.03500,2.00000,-1.0,20.0000,2.1208,1.8873,2.1208,-1.9474,1.8873,1.9474
730774,359360,1.8933,1.2000,15.8081,1.7201,1.7431,1,1,0,1.65000,0.03500,2.00000,-1.0,20.0000,1.7431,1.6799,1.7431,-1.7319,1.6799,1.7319
730791,359370,1.9942,1.2000,13.7939,1.4543,1.1154,1,1,0,1.65000,0.03500,2.00000,-1.0,20.0000,1.1154,1.3939,1.1154,-1.4774,1.3939,1.4774
730808,359380,2.0002,1.2000,8.1787,1.0850,0.5634,1,1,0,1.65000,0.03500,2.00000,-1.0,20.0000,0.5634,1.0568,0.5634,-1.0699,1.0568,1.0699
730825,359390,1.9324,1.2000,3.6621,0.6879,0.0391,1,1,0,1.65000,0.03500,2.00000,-1.0,20.0000,0.0391,0.6492,0.0391,-0.6807,0.6492,0.6807
730842,359400,1.8945,1.2000,0.0610,0.3279,-0.4922,1,1,0,1.65000,0.03500,2.00000,-1.0,20.0000,-0.4922,0.3051,-0.4922,-0.3251,0.3051,0.3251
730858,359410,1.9225,1.2000,1.8921,0.1322,-0.9939,1,1,0,1.65000,0.03500,2.00000,-1.0,20.0000,-0.9939,0.1444,-0.9939,-0.1078,0.1444,0.1078
730874,359420,1.9989,1.2000,3.2349,0.0439,-1.3436,1,1,0,1.65000,0.03500,2.00000,-1.0,20.0000,-1.3436,0.0706,-1.3436,-0.0104,0.0706,0.0104
730890,359430,2.0689,1.2000,2.7466,-0.0309,-1.5917,1,1,0,1.65000,0.03500,2.00000,-1.0,20.0000,-1.5917,0.0193,-1.5917,0.0938,0.0193,-0.0938
730906,359440,2.1030,1.2000,-0.1221,-0.1961,-1.8778,1,1,0,1.65000,0.03500,2.00000,-1.0,20.0000,-1.8778,-0.0988,-1.8778,0.3192,-0.0988,-0.3192
730923,359450,2.0234,1.2000,-9.8877,-0.5642,-2.1411,1,1,0,1.65000,0.03500,2.00000,-1.0,20.0000,-2.1411,-0.4393,-2.1411,0.7382,-0.4393,-0.7382
730939,359460,1.7911,1.2000,-18.6157,-1.0611,-2.4459,1,1,0,1.65000,0.03500,2.00000,-1.0,20.0000,-2.4459,-0.9207,-2.4459,1.2506,-0.9207,-1.2506
730955,359470,1.5243,1.2000,-22.5220,-1.4754,-2.6976,1,1,0,1.65000,0.03500,2.00000,-1.0,20.0000,-2.6976,-1.4377,-2.6976,1.5517,-1.4377,-1.5517
730972,359480,1.2980,1.2000,-24.8413,-1.7285,-2.7493,1,1,0,1.65000,0.03500,2.00000,-1.0,20.0000,-2.7493,-1.6682,-2.7493,1.8140,-1.6682,-1.8140
730989,359490,0.9299,1.2000,-31.2500,-2.0077,-2.4759,1,1,0,1.65000,0.03500,2.00000,-1.0,20.0000,-2.4759,-1.9299,-2.4759,2.0878,-1.9299,-2.0878
731005,359500,0.7538,1.2000,-26.3672,-1.9723,-2.2855,1,1,0,1.65000,0.03500,2.00000,-1.0,20.0000,-2.2855,-1.8536,-2.2855,2.0881,-1.8536,-2.0881
731036,359510,0.3619,1.2000,-11.7798,-1.3746,-0.9541,1,1,0,1.65000,0.03500,2.00000,-1.0,20.0000,-0.9541,-1.4084,-0.9541,1.2407,-1.4084,-1.2407
731074,359520,0.4277,1.2000,-3.5400,-0.2345,0.9292,1,1,0,1.65000,0.03500,2.00000,-1.0,20.0000,0.9292,-0.2207,0.9292,0.1717,-0.2207,-0.1717
731115,359530,0.4070,1.2000,-2.9907,0.1880,1.7892,1,1,0,1.65000,0.03500,2.00000,-1.0,20.0000,1.7892,0.0654,1.7892,-0.3773,0.0654,0.3773
731142,359540,0.5854,1.2000,9.2163,0.7500,2.1916,1,1,0,1.65000,0.03500,2.00000,-1.0,20.0000,2.1916,0.5709,2.1916,-0.9658,0.5709,0.9658
731159,359550,0.7117,1.2000,9.7656,1.0098,2.4835,1,1,0,1.65000,0.03500,2.00000,-1.0,20.0000,2.4835,0.8776,2.4835,-1.1645,0.8776,1.1645
731175,359560,0.8516,1.2000,15.0757,1.2600,2.5672,1,1,0,1.65000,0.03500,2.00000,-1.0,20.0000,2.5672,1.2070,2.5672,-1.3443,1.2070,1.3443
731195,359570,1.1565,1.2000,22.4609,1.6070,2.4997,1,1,0,1.65000,0.03500,2.00000,-1.0,20.0000,2.4997,1.6307,2.4997,-1.6251,1.6307,1.6251
731212,359580,1.3670,1.2000,23.4375,1.7749,2.4539,1,1,0,1.65000,0.03500,2.00000,-1.0,20.0000,2.4539,1.7348,2.4539,-1.8238,1.7348,1.8238
731230,359590,1.6075,1.2000,23.8647,1.8727,2.2377,1,1,0,1.65000,0.03500,2.00000,-1.0,20.0000,2.2377,1.8814,2.2377,-1.8628,1.8814,1.8628
731246,359600,1.7661,1.2000,21.4844,1.7712,1.8564,1,1,0,1.65000,0.03500,2.00000,-1.0,20.0000,1.8564,1.7838,1.8564,-1.7545,1.7838,1.7545
731264,359610,1.9959,1.2000,21.3013,1.6924,1.3260,1,1,0,1.65000,0.03500,2.00000,-1.0,20.0000,1.3260,1.7060,1.3260,-1.6547,1.7060,1.6547
731280,359620,2.0602,1.2000,13.7939,1.2987,0.6953,1,1,0,1.65000,0.03500,2.00000,-1.0,20.0000,0.6953,1.2166,0.6953,-1.3370,1.2166,1.3370
731297,359630,2.0266,1.2000,5.9204,0.7829,-0.0053,1,1,0,1.65000,0.03500,2.00000,-1.0,20.0000,-0.0053,0.6479,-0.0053,-0.8704,0.6479,0.8704
731313,359640,1.9919,1.2000,2.7466,0.3605,-0.6818,1,1,0,1.65000,0.03500,2.00000,-1.0,20.0000,-0.6818,0.2922,-0.6818,-0.3941,0.2922,0.3941
731329,359650,2.0124,1.2000,3.0518,0.1337,-1.1799,1,1,0,1.65000,0.03500,2.00000,-1.0,20.0000,-1.1799,0.1460,-1.1799,-0.1060,0.1460,0.1060
731346,359660,2.1344,1.2000,6.2866,0.0062,-1.7494,1,1,0,1.65000,0.03500,2.00000,-1.0,20.0000,-1.7494,0.0539,-1.7494,0.0648,0.0539,-0.0648
731363,359670,2.1610,1.2000,-0.2441,-0.2609,-2.0989,1,1,0,1.65000,0.03500,2.00000,-1.0,20.0000,-2.0989,-0.1971,-2.0989,0.3536,-0.1971,-0.3536
731379,359680,2.1039,1.2000,-8.1787,-0.6645,-2.5341,1,1,0,1.65000,0.03500,2.00000,-1.0,20.0000,-2.5341,-0.5789,-2.5341,0.8045,-0.5789,-0.8045
731395,359690,1.9615,1.2000,-18.0054,-1.2304,-3.0871,1,1,0,1.65000,0.03500,2.00000,-1.0,20.0000,-3.0871,-1.1641,-3.0871,1.3588,-1.1641,-1.3588
731412,359700,1.5847,1.2000,-34.0576,-1.9186,-3.2798,1,1,0,1.65000,0.03500,2.00000,-1.0,20.0000,-3.2798,-1.8311,-3.2798,2.0662,-1.8311,-2.0662
731430,359710,1.1772,1.2000,-35.2783,-2.3848,-3.4974,1,1,0,1.65000,0.03500,2.00000,-1.0,20.0000,-3.4974,-2.2596,-3.4974,2.5433,-2.2596,-2.5433
731446,359720,0.7466,1.2000,-43.0298,-2.6945,-3.1347,1,1,0,1.65000,0.03500,2.00000,-1.0,20.0000,-3.1347,-2.5565,-3.1347,2.8478,-2.5565,-2.8478
731463,359730,0.3892,1.2000,-37.8418,-2.6443,-2.6264,1,1,0,1.65000,0.03500,2.00000,-1.0,20.0000,-2.6264,-2.4699,-2.6264,2.7947,-2.4699,-2.7947
731479,359740,0.2959,1.2000,-25.0244,-2.1951,-2.0226,1,1,0,1.65000,0.03500,2.00000,-1.0,20.0000,-2.0226,-2.0963,-2.0226,2.2226,-2.0963,-2.2226
731495,359750,0.2980,1.2000,-14.1602,-1.4958,-1.0077,1,1,0,1.65000,0.03500,2.00000,-1.0,20.0000,-1.0077,-1.4170,-1.0077,1.4962,-1.4170,-1.4962
731512,359760,0.4269,1.2000,-3.8452,-0.7399,-0.0697,1,1,0,1.65000,0.03500,2.00000,-1.0,20.0000,-0.0697,-0.6781,-0.0697,0.7282,-0.6781,-0.7282
731529,359770,0.4164,1.2000,-6.4697,-0.2952,0.9289,1,1,0,1.65000,0.03500,2.00000,-1.0,20.0000,0.9289,-0.2820,0.9289,0.2752,-0.2820,-0.2752
731545,359780,0.3894,1.2000,-7.2021,-0.0256,1.5384,1,1,0,1.65000,0.03500,2.00000,-1.0,20.0000,1.5384,-0.0899,1.5384,-0.0656,-0.0899,0.0656
731562,359790,0.3244,1.2000,-4.6997,0.2475,2.1043,1,1,0,1.65000,0.03500,2.00000,-1.0,20.0000,2.1043,0.1158,2.1043,-0.4142,0.1158,0.4142
731579,359800,0.3995,1.2000,6.1645,0.7203,2.5457,1,1,0,1.65000,0.03500,2.00000,-1.0,20.0000,2.5457,0.5536,2.5457,-0.9396,0.5536,0.9396
731595,359810,0.4677,1.2000,11.7187,1.2102,3.2185,1,1,0,1.65000,0.03500,2.00000,-1.0,20.0000,3.2185,1.0517,3.2185,-1.4244,1.0517,1.4244
731611,359820,0.6260,1.2000,18.7988,1.6539,3.5970,1,1,0,1.65000,0.03500,2.00000,-1.0,20.0000,3.5970,1.5178,3.5970,-1.8422,1.5178,1.8422
731629,359830,0.9552,1.2000,29.9683,2.2014,3.7579,1,1,0,1.65000,0.03500,2.00000,-1.0,20.0000,3.7579,2.1743,3.7579,-2.3030,2.1743,2.3030
731646,359840,1.4039,1.2000,37.2925,2.7017,3.7617,1,1,0,1.65000,0.03500,2.00000,-1.0,20.0000,3.7617,2.7426,3.7617,-2.7079,2.7426,2.7079
731662,359850,1.6659,1.2000,33.2642,2.9360,3.9389,1,1,0,1.65000,0.03500,2.00000,-1.0,20.0000,3.9389,2.9737,3.9389,-2.9454,2.9737,2.9454
731678,359860,2.1980,1.2000,44.4946,3.2352,3.2665,1,1,0,1.65000,0.03500,2.00000,-1.0,20.0000,3.2665,3.2705,3.2665,-3.2066,3.2705,3.2066
731695,359870,2.3465,1.2000,23.9258,2.8467,2.9643,1,1,0,1.65000,0.03500,2.00000,-1.0,20.0000,2.9643,2.7526,2.9643,-2.8728,2.7526,2.8728
731711,359880,2.3204,1.2000,12.6343,2.1169,1.9428,1,1,0,1.65000,0.03500,2.00000,-1.0,20.0000,1.9428,1.9805,1.9428,-2.1861,1.9805,2.1861
731728,359890,2.2463,1.2000,6.5918,1.4369,0.9168,1,1,0,1.65000,0.03500,2.00000,-1.0,20.0000,0.9168,1.3311,0.9168,-1.4781,1.3311,1.4781
731744,359900,2.0272,1.2000,-1.8311,0.7495,0.1981,1,1,0,1.65000,0.03500,2.00000,-1.0,20.0000,0.1981,0.6481,0.1981,-0.7861,0.6481,0.7861
731760,359910,1.8928,1.2000,-0.1221,0.3131,-0.5127,1,1,0,1.65000,0.03500,2.00000,-1.0,20.0000,-0.5127,0.2796,-0.5127,-0.3162,0.2796,0.3162
731777,359920,1.8287,1.2000,2.1362,0.1148,-0.8825,1,1,0,1.65000,0.03500,2.00000,-1.0,20.0000,-0.8825,0.1188,-0.8825,-0.0977,0.1188,0.0977
731793,359930,1.8007,1.2000,4.2725,0.0288,-1.0832,1,1,0,1.65000,0.03500,2.00000,-1.0,20.0000,-1.0832,0.0233,-1.0832,-0.0260,0.0233,0.0260
731810,359940,1.8737,1.2000,6.3477,-0.0469,-1.4275,1,1,0,1.65000,0.03500,2.00000,-1.0,20.0000,-1.4275,-0.0353,-1.4275,0.0723,-0.0353,-0.0723
731826,359950,1.8695,1.2000,0.4883,-0.3280,-1.7776,1,1,0,1.65000,0.03500,2.00000,-1.0,20.0000,-1.7776,-0.3222,-1.7776,0.3839,-0.3222,-0.3839
731843,359960,1.8259,1.2000,-5.9204,-0.7906,-2.4067,1,1,0,1.65000,0.03500,2.00000,-1.0,20.0000,-2.4067,-0.7620,-2.4067,0.8714,-0.7620,-0.8714
731860,359970,1.7134,1.2000,-15.0146,-1.2767,-2.8750,1,1,0,1.65000,0.03500,2.00000,-1.0,20.0000,-2.8750,-1.2207,-2.8750,1.3828,-1.2207,-1.3828
731876,359980,1.5553,1.2000,-17.3340,-1.6954,-3.3705,1,1,0,1.65000,0.03500,2.00000,-1.0,20.0000,-3.3705,-1.6243,-3.3705,1.7933,-1.6243,-1.7933
731892,359990,1.4314,1.2000,-20.1416,-1.8971,-3.4710,1,1,0,1.65000,0.03500,2.00000,-1.0,20.0000,-3.4710,-1.8031,-3.4710,2.0295,-1.8031,-2.0295
731908,360000,1.1880,1.2000,-28.0151,-2.2189,-3.4374,1,1,0,1.65000,0.03500,2.00000,-1.0,20.0000,-3.4374,-2.1135,-3.4374,2.3543,-2.1135,-2.3543
731925,360010,0.8153,1.2000,-35.0342,-2.5364,-3.2119,1,1,0,1.65000,0.03500,2.00000,-1.0,20.0000,-3.2119,-2.4512,-3.2119,2.6391,-2.4512,-2.6391
731941,360020,0.6097,1.2000,-29.6020,-2.5386,-3.0672,1,1,0,1.65000,0.03500,2.00000,-1.0,20.0000,-3.0672,-2.3896,-3.0672,2.6871,-2.3896,-2.6871
731957,360030,0.2814,1.2000,-31.9214,-2.4912,-2.3494,1,1,0,1.65000,0.03500,2.00000,-1.0,20.0000,-2.3494,-2.3144,-2.3494,2.6443,-2.3144,-2.6443
731974,360040,0.1373,1.2000,-22.3389,-2.1648,-1.7943,1,1,0,1.65000,0.03500,2.00000,-1.0,20.0000,-1.7943,-1.9977,-1.7943,2.2877,-1.9977,-2.2877
731990,360050,0.1089,1.2000,-11.5967,-1.5662,-0.9262,1,1,0,1.65000,0.03500,2.00000,-1.0,20.0000,-0.9262,-1.4957,-0.9262,1.5685,-1.4957,-1.5685
732007,360060,0.2290,1.2000,0.4883,-0.8134,-0.0417,1,1,0,1.65000,0.03500,2.00000,-1.0,20.0000,-0.0417,-0.8361,-0.0417,0.7319,-0.8361,-0.7319
732023,360070,0.3329,1.2000,0.7324,-0.3525,0.7000,1,1,0,1.65000,0.03500,2.00000,-1.0,20.0000,0.7000,-0.3785,0.7000,0.2973,-0.3785,-0.2973
732047,360080,0.3513,1.2000,-0.4272,-0.0744,1.2665,1,1,0,1.65000,0.03500,2.00000,-1.0,20.0000,1.2665,-0.1010,1.2665,0.0053,-0.1010,-0.0053
732080,360090,0.3931,1.2000,2.2583,0.2220,1.6963,1,1,0,1.65000,0.03500,2.00000,-1.0,20.0000,1.6963,0.0792,1.6963,-0.4126,0.0792,0.4126
732120,360100,0.6300,1.2000,12.3901,0.7903,2.0876,1,1,0,1.65000,0.03500,2.00000,-1.0,20.0000,2.0876,0.7022,2.0876,-0.9550,0.7022,0.9550
732155,360110,1.0832,1.2000,19.4092,1.2346,1.9825,1,1,0,1.65000,0.03500,2.00000,-1.0,20.0000,1.9825,1.2188,1.9825,-1.2718,1.2188,1.2718
732176,360120,1.3157,1.2000,18.7378,1.4104,1.9739,1,1,0,1.65000,0.03500,2.00000,-1.0,20.0000,1.9739,1.3486,1.9739,-1.4703,1.3486,1.4703
732192,360130,1.4396,1.2000,19.2261,1.3575,1.6467,1,1,0,1.65000,0.03500,2.00000,-1.0,20.0000,1.6467,1.3152,1.6467,-1.3938,1.3152,1.3938
732209,360140,1.5249,1.2000,14.8315,1.2797,1.5042,1,1,0,1.65000,0.03500,2.00000,-1.0,20.0000,1.5042,1.2701,1.5042,-1.2775,1.2701,1.2775
732227,360150,1.6585,1.2000,15.5029,1.1321,0.9650,1,1,0,1.65000,0.03500,2.00000,-1.0,20.0000,0.9650,1.1211,0.9650,-1.1250,1.1211,1.1250
732245,360160,1.7095,1.2000,10.3149,0.8557,0.5095,1,1,0,1.65000,0.03500,2.00000,-1.0,20.0000,0.5095,0.8218,0.5095,-0.8534,0.8218,0.8534
732262,360170,1.7115,1.2000,6.1645,0.5454,0.0310,1,1,0,1.65000,0.03500,2.00000,-1.0,20.0000,0.0310,0.5026,0.0310,-0.5611,0.5026,0.5611
732278,360180,1.6750,1.2000,2.4414,0.2671,-0.3350,1,1,0,1.65000,0.03500,2.00000,-1.0,20.0000,-0.3350,0.2410,-0.3350,-0.2708,0.2410,0.2708
732294,360190,1.7137,1.2000,4.0894,0.1138,-0.7633,1,1,0,1.65000,0.03500,2.00000,-1.0,20.0000,-0.7633,0.1192,-0.7633,-0.0956,0.1192,0.0956
732310,360200,1.7789,1.2000,5.6152,0.0445,-1.0627,1,1,0,1.65000,0.03500,2.00000,-1.0,20.0000,-1.0627,0.0579,-1.0627,-0.0248,0.0579,0.0248
732327,360210,1.8589,1.2000,6.1645,0.0025,-1.2980,1,1,0,1.65000,0.03500,2.00000,-1.0,20.0000,-1.2980,0.0339,-1.2980,0.0341,0.0339,-0.0341
732343,360220,1.9736,1.2000,3.9062,-0.0772,-1.5675,1,1,0,1.65000,0.03500,2.00000,-1.0,20.0000,-1.5675,0.0079,-1.5675,0.1768,0.0079,-0.1768
732360,360230,2.0110,1.2000,-1.9531,-0.3050,-1.8798,1,1,0,1.65000,0.03500,2.00000,-1.0,20.0000,-1.8798,-0.1760,-1.8798,0.4611,-0.1760,-0.4611
732376,360240,1.9234,1.2000,-13.6108,-0.7570,-2.2312,1,1,0,1.65000,0.03500,2.00000,-1.0,20.0000,-2.2312,-0.6065,-2.2312,0.9658,-0.6065,-0.9658
732393,360250,1.6586,1.2000,-20.8130,-1.2693,-2.5669,1,1,0,1.65000,0.03500,2.00000,-1.0,20.0000,-2.5669,-1.2057,-2.5669,1.3674,-1.2057,-1.3674
732410,360260,1.3986,1.2000,-24.0478,-1.5925,-2.6710,1,1,0,1.65000,0.03500,2.00000,-1.0,20.0000,-2.6710,-1.4850,-2.6710,1.7331,-1.4850,-1.7331
732426,360270,1.0469,1.2000,-28.0762,-1.8610,-2.4866,1,1,0,1.65000,0.03500,2.00000,-1.0,20.0000,-2.4866,-1.7782,-2.4866,1.9661,-1.7782,-1.9661
732443,360280,0.7136,1.2000,-27.0386,-1.9026,-2.0563,1,1,0,1.65000,0.03500,2.00000,-1.0,20.0000,-2.0563,-1.7420,-2.0563,2.0598,-1.7420,-2.0598
732460,360290,0.5164,1.2000,-18.7988,-1.6940,-1.6021,1,1,0,1.65000,0.03500,2.00000,-1.0,20.0000,-1.6021,-1.5446,-1.6021,1.8099,-1.5446,-1.8099
732476,360300,0.4494,1.2000,-10.3149,-1.2561,-0.9127,1,1,0,1.65000,0.03500,2.00000,-1.0,20.0000,-0.9127,-1.2135,-0.9127,1.2510,-1.2135,-1.2510
732493,360310,0.5912,1.2000,-0.1831,-0.6689,-0.3269,1,1,0,1.65000,0.03500,2.00000,-1.0,20.0000,-0.3269,-0.6931,-0.3269,0.6014,-0.6931,-0.6014
732511,360320,0.6957,1.2000,-0.9155,-0.2838,0.2966,1,1,0,1.65000,0.03500,2.00000,-1.0,20.0000,0.2966,-0.2965,0.2966,0.2492,-0.2965,-0.2492
732527,360330,0.6766,1.2000,-1.2207,-0.1094,0.6875,1,1,0,1.65000,0.03500,2.00000,-1.0,20.0000,0.6875,-0.1255,0.6875,0.0825,-0.1255,-0.0825
732544,360340,0.5849,1.2000,-0.9155,-0.0170,1.0130,1,1,0,1.65000,0.03500,2.00000,-1.0,20.0000,1.0130,-0.0491,1.0130,-0.0211,-0.0491,0.0211
732560,360350,0.4837,1.2000,0.0610,0.0535,1.2868,1,1,0,1.65000,0.03500,2.00000,-1.0,20.0000,1.2868,-0.0056,1.2868,-0.1249,-0.0056,0.1249
732577,360360,0.4729,1.2000,2.2583,0.1565,1.4336,1,1,0,1.65000,0.03500,2.00000,-1.0,20.0000,1.4336,0.0297,1.4336,-0.2926,0.0297,0.2926
732594,360370,0.5846,1.2000,4.6387,0.2968,1.4467,1,1,0,1.65000,0.03500,2.00000,-1.0,20.0000,1.4467,0.1452,1.4467,-0.4607,0.1452,0.4607
732610,360380,0.7340,1.2000,3.3569,0.3922,1.4357,1,1,0,1.65000,0.03500,2.00000,-1.0,20.0000,1.4357,0.2602,1.4357,-0.5279,0.2602,0.5279
732628,360390,0.7615,1.2000,1.7700,0.4319,1.5254,1,1,0,1.65000,0.03500,2.00000,-1.0,20.0000,1.5254,0.3432,1.5254,-0.5299,0.3432,0.5299
732644,360400,0.7757,1.2000,5.2490,0.5535,1.6233,1,1,0,1.65000,0.03500,2.00000,-1.0,20.0000,1.6233,0.4857,1.6233,-0.6347,0.4857,0.6347
732661,360410,0.7531,1.2000,10.6201,0.7583,1.8823,1,1,0,1.65000,0.03500,2.00000,-1.0,20.0000,1.8823,0.7201,1.8823,-0.8197,0.7201,0.8197
732678,360420,0.8145,1.2000,20.0195,1.0675,2.0705,1,1,0,1.65000,0.03500,2.00000,-1.0,20.0000,2.0705,1.0282,2.0705,-1.1418,1.0282,1.1418
732694,360430,1.0896,1.2000,27.4048,1.4064,2.0359,1,1,0,1.65000,0.03500,2.00000,-1.0,20.0000,2.0359,1.4144,2.0359,-1.4319,1.4144,1.4319
732710,360440,1.4290,1.2000,25.8179,1.5103,1.7391,1,1,0,1.65000,0.03500,2.00000,-1.0,20.0000,1.7391,1.4640,1.7391,-1.5465,1.4640,1.5465
732727,360450,1.7523,1.2000,17.5781,1.2964,1.0662,1,1,0,1.65000,0.03500,2.00000,-1.0,20.0000,1.0662,1.2898,1.0662,-1.2689,1.2898,1.2689
732743,360460,1.8312,1.2000,5.9204,0.8368,0.4248,1,1,0,1.65000,0.03500,2.00000,-1.0,20.0000,0.4248,0.8285,0.4248,-0.7887,0.8285,0.7887
732760,360470,1.7662,1.2000,0.3662,0.3921,-0.1628,1,1,0,1.65000,0.03500,2.00000,-1.0,20.0000,-0.1628,0.3992,-0.1628,-0.3523,0.3992,0.3523
732776,360480,1.7290,1.2000,2.1973,0.1638,-0.6220,1,1,0,1.65000,0.03500,2.00000,-1.0,20.0000,-0.6220,0.1871,-0.6220,-0.1252,0.1871,0.1252
732793,360490,1.6862,1.2000,4.7607,0.0669,-0.8351,1,1,0,1.65000,0.03500,2.00000,-1.0,20.0000,-0.8351,0.0879,-0.8351,-0.0417,0.0879,0.0417
732809,360500,1.6937,1.2000,5.3711,0.0204,-0.9617,1,1,0,1.65000,0.03500,2.00000,-1.0,20.0000,-0.9617,0.0395,-0.9617,0.0009,0.0395,-0.0009
732826,360510,1.8875,1.2000,4.4556,-0.0229,-1.3361,1,1,0,1.65000,0.03500,2.00000,-1.0,20.0000,-1.3361,0.0206,-1.3361,0.0752,0.0206,-0.0752
732842,360520,2.0035,1.2000,-0.2441,-0.1942,-1.7057,1,1,0,1.65000,0.03500,2.00000,-1.0,20.0000,-1.7057,-0.1289,-1.7057,0.2855,-0.1289,-0.2855
732859,360530,1.9016,1.2000,-7.9956,-0.5303,-1.9384,1,1,0,1.65000,0.03500,2.00000,-1.0,20.0000,-1.9384,-0.4633,-1.9384,0.6314,-0.4633,-0.6314
732876,360540,1.7195,1.2000,-12.0850,-0.8473,-2.1289,1,1,0,1.65000,0.03500,2.00000,-1.0,20.0000,-2.1289,-0.7477,-2.1289,0.9786,-0.7477,-0.9786
732892,360550,1.5650,1.2000,-15.1978,-1.1255,-2.3213,1,1,0,1.65000,0.03500,2.00000,-1.0,20.0000,-2.3213,-1.0819,-2.3213,1.1987,-1.0819,-1.1987
732908,360560,1.3432,1.2000,-22.3389,-1.4426,-2.3397,1,1,0,1.65000,0.03500,2.00000,-1.0,20.0000,-2.3397,-1.3785,-2.3397,1.5370,-1.3785,-1.5370
732925,360570,1.1212,1.2000,-24.9023,-1.6475,-2.2934,1,1,0,1.65000,0.03500,2.00000,-1.0,20.0000,-2.2934,-1.5258,-2.2934,1.7870,-1.5258,-1.7870
732941,360580,0.8904,1.2000,-21.8506,-1.6536,-2.0317,1,1,0,1.65000,0.03500,2.00000,-1.0,20.0000,-2.0317,-1.5538,-2.0317,1.7386,-1.5538,-1.7386
732958,360590,0.6824,1.2000,-13.5498,-1.4031,-1.4780,1,1,0,1.65000,0.03500,2.00000,-1.0,20.0000,-1.4780,-1.4011,-1.4780,1.3649,-1.4011,-1.3649
732974,360600,0.5931,1.2000,-3.3569,-0.9129,-0.7069,1,1,0,1.65000,0.03500,2.00000,-1.0,20.0000,-0.7069,-0.9018,-0.7069,0.8602,-0.9018,-0.8602
732991,360610,0.6961,1.2000,4.4556,-0.4231,-0.1708,1,1,0,1.65000,0.03500,2.00000,-1.0,20.0000,-0.1708,-0.4142,-0.1708,0.4010,-0.4142,-0.4010
733007,360620,0.7629,1.2000,3.9062,-0.1691,0.2464,1,1,0,1.65000,0.03500,2.00000,-1.0,20.0000,0.2464,-0.1766,0.2464,0.1457,-0.1766,-0.1457
733023,360630,0.8613,1.2000,1.4038,-0.0655,0.3786,1,1,0,1.65000,0.03500,2.00000,-1.0,20.0000,0.3786,-0.0766,0.3786,0.0464,-0.0766,-0.0464
733039,360640,0.9186,1.2000,0.3662,-0.0284,0.3947,1,1,0,1.65000,0.03500,2.00000,-1.0,20.0000,0.3947,-0.0328,0.3947,0.0230,-0.0328,-0.0230
733057,360650,0.9101,1.2000,1.5869,-0.0057,0.4115,1,1,0,1.65000,0.03500,2.00000,-1.0,20.0000,0.4115,-0.0129,0.4115,-0.0024,-0.0129,0.0024
733087,360660,0.8317,1.2000,2.2583,0.0051,0.5388,1,1,0,1.65000,0.03500,2.00000,-1.0,20.0000,0.5388,0.0013,0.5388,-0.0097,0.0013,0.0097
733125,360670,0.8797,1.2000,3.1738,0.0161,0.4496,1,1,0,1.65000,0.03500,2.00000,-1.0,20.0000,0.4496,0.0019,0.4496,-0.0310,0.0019,0.0310
733166,360680,1.0007,1.2000,4.3335,0.0227,0.2226,1,1,0,1.65000,0.03500,2.00000,-1.0,20.0000,0.2226,0.0004,0.2226,-0.0437,0.0004,0.0437
733186,360690,1.0451,1.2000,4.1504,0.0135,0.1373,1,1,0,1.65000,0.03500,2.00000,-1.0,20.0000,0.1373,0.0001,0.1373,-0.0236,0.0001,0.0236
733206,360700,1.1565,1.2000,4.3335,0.0040,-0.0719,1,1,0,1.65000,0.03500,2.00000,-1.0,20.0000,-0.0719,-0.0026,-0.0719,-0.0089,-0.0026,0.0089
733223,360710,1.2455,1.2000,4.0283,0.0009,-0.2142,1,1,0,1.65000,0.03500,2.00000,-1.0,20.0000,-0.2142,-0.0022,-0.2142,-0.0040,-0.0022,0.0040
733239,360720,1.3102,1.2000,3.4790,-0.0036,-0.3108,1,1,0,1.65000,0.03500,2.00000,-1.0,20.0000,-0.3108,-0.0031,-0.3108,0.0043,-0.0031,-0.0043
733259,360730,1.3831,1.2000,2.8076,-0.0075,-0.4155,1,1,0,1.65000,0.03500,2.00000,-1.0,20.0000,-0.4155,-0.0064,-0.4155,0.0083,-0.0064,-0.0083
733276,360740,1.4335,1.2000,3.4180,-0.0138,-0.5326,1,1,0,1.65000,0.03500,2.00000,-1.0,20.0000,-0.5326,-0.0101,-0.5326,0.0196,-0.0101,-0.0196
733293,360750,1.4852,1.2000,3.4180,-0.0170,-0.6241,1,1,0,1.65000,0.03500,2.00000,-1.0,20.0000,-0.6241,-0.0108,-0.6241,0.0224,-0.0108,-0.0224
733309,360760,1.5285,1.2000,3.0518,-0.0204,-0.6896,1,1,0,1.65000,0.03500,2.00000,-1.0,20.0000,-0.6896,-0.0140,-0.6896,0.0273,-0.0140,-0.0273
733326,360770,1.5586,1.2000,2.5024,-0.0389,-0.7571,1,1,0,1.65000,0.03500,2.00000,-1.0,20.0000,-0.7571,-0.0212,-0.7571,0.0601,-0.0212,-0.0601
733343,360780,1.5869,1.2000,1.0376,-0.1020,-0.8787,1,1,0,1.65000,0.03500,2.00000,-1.0,20.0000,-0.8787,-0.0620,-0.8787,0.1522,-0.0620,-0.1522
733359,360790,1.5189,1.2000,-4.0894,-0.2617,-0.9064,1,1,0,1.65000,0.03500,2.00000,-1.0,20.0000,-0.9064,-0.2041,-0.9064,0.3349,-0.2041,-0.3349
733375,360800,1.4413,1.2000,-5.3101,-0.4030,-1.0183,1,1,0,1.65000,0.03500,2.00000,-1.0,20.0000,-1.0183,-0.3605,-1.0183,0.4587,-0.3605,-0.4587
733391,360810,1.3798,1.2000,-6.5918,-0.5191,-1.1041,1,1,0,1.65000,0.03500,2.00000,-1.0,20.0000,-1.1041,-0.4867,-1.1041,0.5617,-0.4867,-0.5617
733408,360820,1.2926,1.2000,-7.0801,-0.5970,-1.0989,1,1,0,1.65000,0.03500,2.00000,-1.0,20.0000,-1.0989,-0.5359,-1.0989,0.6601,-0.5359,-0.6601
733424,360830,1.2202,1.2000,-8.7280,-0.6812,-1.0901,1,1,0,1.65000,0.03500,2.00000,-1.0,20.0000,-1.0901,-0.5628,-1.0901,0.8085,-0.5628,-0.8085
733440,360840,1.0817,1.2000,-11.1084,-0.7506,-0.9172,1,1,0,1.65000,0.03500,2.00000,-1.0,20.0000,-0.9172,-0.5771,-0.9172,0.9255,-0.5771,-0.9255
733457,360850,0.9906,1.2000,-8.4839,-0.6943,-0.7462,1,1,0,1.65000,0.03500,2.00000,-1.0,20.0000,-0.7462,-0.5252,-0.7462,0.8539,-0.5252,-0.8539
733474,360860,0.9243,1.2000,-7.0190,-0.5696,-0.4385,1,1,0,1.65000,0.03500,2.00000,-1.0,20.0000,-0.4385,-0.4318,-0.4385,0.6924,-0.4318,-0.6924
733490,360870,0.9303,1.2000,-3.5400,-0.3813,-0.1938,1,1,0,1.65000,0.03500,2.00000,-1.0,20.0000,-0.1938,-0.2798,-0.1938,0.4648,-0.2798,-0.4648
733507,360880,0.9706,1.2000,-1.1597,-0.1906,0.0379,1,1,0,1.65000,0.03500,2.00000,-1.0,20.0000,0.0379,-0.1290,0.0379,0.2382,-0.1290,-0.2382
733524,360890,0.9583,1.2000,-1.6479,-0.0782,0.3000,1,1,0,1.65000,0.03500,2.00000,-1.0,20.0000,0.3000,-0.0500,0.3000,0.0965,-0.0500,-0.0965
733541,360900,0.9498,1.2000,-2.3804,-0.0195,0.4572,1,1,0,1.65000,0.03500,2.00000,-1.0,20.0000,0.4572,-0.0117,0.4572,0.0252,-0.0117,-0.0252
733558,360910,0.8917,1.2000,-3.3569,0.0039,0.6341,1,1,0,1.65000,0.03500,2.00000,-1.0,20.0000,0.6341,0.0065,0.6341,-0.0035,0.0065,0.0035
733574,360920,0.8309,1.2000,-3.5400,0.0133,0.7595,1,1,0,1.65000,0.03500,2.00000,-1.0,20.0000,0.7595,0.0131,0.7595,-0.0146,0.0131,0.0146
733590,360930,0.7758,1.2000,-4.8218,0.0193,0.9072,1,1,0,1.65000,0.03500,2.00000,-1.0,20.0000,0.9072,0.0139,0.9072,-0.0236,0.0139,0.0236
733607,360940,0.6895,1.2000,-4.8828,0.0298,1.0728,1,1,0,1.65000,0.03500,2.00000,-1.0,20.0000,1.0728,0.0207,1.0728,-0.0425,0.0207,0.0425
733623,360950,0.6320,1.2000,-4.0894,0.0811,1.2425,1,1,0,1.65000,0.03500,2.00000,-1.0,20.0000,1.2425,0.0361,1.2425,-0.1338,0.0361,0.1338
733639,360960,0.5918,1.2000,-3.3569,0.1602,1.4415,1,1,0,1.65000,0.03500,2.00000,-1.0,20.0000,1.4415,0.0572,1.4415,-0.2730,0.0572,0.2730
733655,360970,0.6145,1.2000,1.7090,0.3579,1.6221,1,1,0,1.65000,0.03500,2.00000,-1.0,20.0000,1.6221,0.2183,1.6221,-0.5245,0.2183,0.5245
733672,360980,0.7134,1.2000,8.3008,0.7119,1.9361,1,1,0,1.65000,0.03500,2.00000,-1.0,20.0000,1.9361,0.5724,1.9361,-0.8897,0.5724,0.8897
733690,360990,0.8786,1.2000,15.0146,1.1289,2.2627,1,1,0,1.65000,0.03500,2.00000,-1.0,20.0000,2.2627,1.0465,2.2627,-1.2497,1.0465,1.2497
733706,361000,1.1076,1.2000,18.9819,1.4158,2.3197,1,1,0,1.65000,0.03500,2.00000,-1.0,20.0000,2.3197,1.2511,2.3197,-1.5969,1.2511,1.5969
733722,361010,1.2434,1.2000,16.2964,1.4732,2.3045,1,1,0,1.65000,0.03500,2.00000,-1.0,20.0000,2.3045,1.2600,2.3045,-1.6859,1.2600,1.6859
733738,361020,1.3729,1.2000,15.1367,1.4097,2.0044,1,1,0,1.65000,0.03500,2.00000,-1.0,20.0000,2.0044,1.1541,2.0044,-1.6466,1.1541,1.6466
733754,361030,1.3994,1.2000,10.0708,1.1728,1.6640,1,1,0,1.65000,0.03500,2.00000,-1.0,20.0000,1.6640,0.9622,1.6640,-1.3619,0.9622,1.3619
733770,361040,1.4040,1.2000,8.9722,0.9476,1.2447,1,1,0,1.65000,0.03500,2.00000,-1.0,20.0000,1.2447,0.8344,1.2447,-1.0419,0.8344,1.0419
733787,361050,1.4363,1.2000,6.3477,0.7161,0.8200,1,1,0,1.65000,0.03500,2.00000,-1.0,20.0000,0.8200,0.6465,0.8200,-0.7619,0.6465,0.7619
733804,361060,1.3838,1.2000,3.2349,0.4684,0.5204,1,1,0,1.65000,0.03500,2.00000,-1.0,20.0000,0.5204,0.4012,0.5204,-0.5113,0.4012,0.5113
733820,361070,1.3537,1.2000,2.6245,0.2679,0.1903,1,1,0,1.65000,0.03500,2.00000,-1.0,20.0000,0.1903,0.2145,0.1903,-0.3044,0.2145,0.3044
733837,361080,1.3165,1.2000,2.3193,0.1230,-0.0273,1,1,0,1.65000,0.03500,2.00000,-1.0,20.0000,-0.0273,0.0982,-0.0273,-0.1383,0.0982,0.1383
733853,361090,1.3291,1.2000,3.8452,0.0517,-0.2442,1,1,0,1.65000,0.03500,2.00000,-1.0,20.0000,-0.2442,0.0467,-0.2442,-0.0520,0.0467,0.0520
733869,361100,1.4116,1.2000,5.6763,0.0172,-0.5134,1,1,0,1.65000,0.03500,2.00000,-1.0,20.0000,-0.5134,0.0210,-0.5134,-0.0116,0.0210,0.0116
733887,361110,1.4808,1.2000,7.5073,0.0000,-0.7260,1,1,0,1.65000,0.03500,2.00000,-1.0,20.0000,-0.7260,0.0090,-0.7260,0.0115,0.0090,-0.0115
733903,361120,1.5905,1.2000,8.7280,-0.0087,-0.9673,1,1,0,1.65000,0.03500,2.00000,-1.0,20.0000,-0.9673,0.0027,-0.9673,0.0202,0.0027,-0.0202
733919,361130,1.7254,1.2000,9.5825,-0.0316,-1.2654,1,1,0,1.65000,0.03500,2.00000,-1.0,20.0000,-1.2654,-0.0139,-1.2654,0.0584,-0.0139,-0.0584
733935,361140,1.8193,1.2000,7.0190,-0.1618,-1.5911,1,1,0,1.65000,0.03500,2.00000,-1.0,20.0000,-1.5911,-0.0898,-1.5911,0.2571,-0.0898,-0.2571
733952,361150,1.8356,1.2000,-0.6104,-0.4937,-2.0147,1,1,0,1.65000,0.03500,2.00000,-1.0,20.0000,-2.0147,-0.3989,-2.0147,0.6307,-0.3989,-0.6307
733968,361160,1.7023,1.2000,-8.9722,-0.9600,-2.4348,1,1,0,1.65000,0.03500,2.00000,-1.0,20.0000,-2.4348,-0.8878,-2.4348,1.0786,-0.8878,-1.0786
733984,361170,1.5895,1.2000,-12.8174,-1.3981,-2.9904,1,1,0,1.65000,0.03500,2.00000,-1.0,20.0000,-2.9904,-1.4094,-2.9904,1.4302,-1.4094,-1.4302
734001,361180,1.3735,1.2000,-17.8223,-1.7357,-3.1340,1,1,0,1.65000,0.03500,2.00000,-1.0,20.0000,-3.1340,-1.7228,-3.1340,1.7850,-1.7228,-1.7850
734018,361190,1.2541,1.2000,-15.3809,-1.9682,-3.4873,1,1,0,1.65000,0.03500,2.00000,-1.0,20.0000,-3.4873,-1.8829,-3.4873,2.0801,-1.8829,-2.0801
734034,361200,0.9359,1.2000,-28.3813,-2.3536,-3.2781,1,1,0,1.65000,0.03500,2.00000,-1.0,20.0000,-3.2781,-2.2073,-3.2781,2.5330,-2.2073,-2.5330
734052,361210,0.6471,1.2000,-24.2310,-2.5235,-3.2866,1,1,0,1.65000,0.03500,2.00000,-1.0,20.0000,-3.2866,-2.3909,-3.2866,2.6619,-2.3909,-2.6619
734068,361220,0.4164,1.2000,-26.7944,-2.5636,-2.8966,1,1,0,1.65000,0.03500,2.00000,-1.0,20.0000,-2.8966,-2.4615,-2.8966,2.6759,-2.4615,-2.6759
734089,361230,0.0703,1.2000,-21.6675,-2.4471,-2.2719,1,1,0,1.65000,0.03500,2.00000,-1.0,20.0000,-2.2719,-2.3837,-2.2719,2.4614,-2.3837,-2.4614
734115,361240,-0.0978,1.2000,-6.8359,-1.6428,-0.9050,1,1,0,1.65000,0.03500,2.00000,-1.0,20.0000,-0.9050,-1.5818,-0.9050,1.6131,-1.5818,-1.6131
734154,361250,0.3355,1.2000,8.3618,-0.2500,0.6337,1,1,0,1.65000,0.03500,2.00000,-1.0,20.0000,0.6337,-0.2541,0.6337,0.2124,-0.2541,-0.2124
734195,361260,0.6049,1.2000,3.2959,-0.0297,0.8071,1,1,0,1.65000,0.03500,2.00000,-1.0,20.0000,0.8071,-0.0346,0.8071,0.0176,-0.0346,-0.0176
734216,361270,0.7499,1.2000,2.1362,-0.0011,0.6656,1,1,0,1.65000,0.03500,2.00000,-1.0,20.0000,0.6656,-0.0137,0.6656,-0.0131,-0.0137,0.0131
734239,361280,0.8281,1.2000,-1.7700,0.0045,0.6846,1,1,0,1.65000,0.03500,2.00000,-1.0,20.0000,0.6846,-0.0045,0.6846,-0.0130,-0.0045,0.0130
734256,361290,0.8953,1.2000,-3.1738,0.0029,0.6197,1,1,0,1.65000,0.03500,2.00000,-1.0,20.0000,0.6197,-0.0020,0.6197,-0.0079,-0.0020,0.0079
734272,361300,0.8566,1.2000,-3.7231,0.0229,0.7427,1,1,0,1.65000,0.03500,2.00000,-1.0,20.0000,0.7427,-0.0019,0.7427,-0.0502,-0.0019,0.0502
734293,361310,0.7711,1.2000,-3.3569,0.0815,0.9882,1,1,0,1.65000,0.03500,2.00000,-1.0,20.0000,0.9882,-0.0021,0.9882,-0.1717,-0.0021,0.1717
734311,361320,0.6679,1.2000,-2.5635,0.1724,1.3125,1,1,0,1.65000,0.03500,2.00000,-1.0,20.0000,1.3125,0.0322,1.3125,-0.3265,0.0322,0.3265
734327,361330,0.5715,1.2000,3.7231,0.4037,1.7142,1,1,0,1.65000,0.03500,2.00000,-1.0,20.0000,1.7142,0.2554,1.7142,-0.5905,0.2554,0.5905
734344,361340,0.5757,1.2000,12.9395,0.7801,2.1374,1,1,0,1.65000,0.03500,2.00000,-1.0,20.0000,2.1374,0.6455,2.1374,-0.9526,0.6455,0.9526
734360,361350,0.5979,1.2000,18.6768,1.2038,2.7475,1,1,0,1.65000,0.03500,2.00000,-1.0,20.0000,2.7475,1.1227,2.7475,-1.3376,1.1227,1.3376
734376,361360,0.9651,1.2000,32.5317,1.7646,2.7782,1,1,0,1.65000,0.03500,2.00000,-1.0,20.0000,2.7782,1.7498,2.7782,-1.8386,1.7498,1.8386
734392,361370,1.3782,1.2000,31.6162,1.9980,2.5954,1,1,0,1.65000,0.03500,2.00000,-1.0,20.0000,2.5954,1.9767,2.5954,-2.0351,1.9767,2.0351
734409,361380,1.8405,1.2000,25.6958,2.0005,2.0449,1,1,0,1.65000,0.03500,2.00000,-1.0,20.0000,2.0449,1.9878,2.0449,-1.9822,1.9878,1.9822
734425,361390,2.2249,1.2000,11.6577,1.4855,0.8720,1,1,0,1.65000,0.03500,2.00000,-1.0,20.0000,0.8720,1.4908,0.8720,-1.4216,1.4908,1.4216
734442,361400,2.2687,1.2000,-7.2632,0.7535,-0.0022,1,1,0,1.65000,0.03500,2.00000,-1.0,20.0000,-0.0022,0.7740,-0.0022,-0.6685,0.7740,0.6685
734458,361410,2.3199,1.2000,-7.6904,0.3069,-0.9648,1,1,0,1.65000,0.03500,2.00000,-1.0,20.0000,-0.9648,0.3284,-0.9648,-0.2536,0.3284,0.2536
734474,361420,2.1952,1.2000,-8.7891,0.1192,-1.0962,1,1,0,1.65000,0.03500,2.00000,-1.0,20.0000,-1.0962,0.1404,-1.0962,-0.0876,0.1404,0.0876
734491,361430,2.0423,1.2000,-11.1694,0.0408,-0.9172,1,1,0,1.65000,0.03500,2.00000,-1.0,20.0000,-0.9172,0.0592,-0.9172,-0.0196,0.0592,0.0196
734510,361440,2.1931,1.2000,-15.8691,-0.0014,-1.0860,1,1,0,1.65000,0.03500,2.00000,-1.0,20.0000,-1.0860,0.0120,-1.0860,0.0188,0.0120,-0.0188
734527,361450,2.2096,1.2000,-21.2402,-0.0666,-1.0557,1,1,0,1.65000,0.03500,2.00000,-1.0,20.0000,-1.0557,-0.0168,-1.0557,0.1237,-0.0168,-0.1237
734543,361460,1.9215,1.2000,-23.1323,-0.0768,-0.5345,1,1,0,1.65000,0.03500,2.00000,-1.0,20.0000,-0.5345,-0.0003,-0.5345,0.1480,-0.0003,-0.1480
734560,361470,1.5228,1.2000,-23.1323,-0.0182,0.2406,1,1,0,1.65000,0.03500,2.00000,-1.0,20.0000,0.2406,0.0156,0.2406,0.0459,0.0156,-0.0459
734577,361480,1.0801,1.2000,-23.4985,0.0668,1.1540,1,1,0,1.65000,0.03500,2.00000,-1.0,20.0000,1.1540,0.0604,1.1540,-0.0894,0.0604,0.0894
734594,361490,0.7748,1.2000,-16.6626,0.4201,2.1251,1,1,0,1.65000,0.03500,2.00000,-1.0,20.0000,2.1251,0.4377,2.1251,-0.4767,0.4377,0.4767
734610,361500,0.8989,1.2000,8.4229,1.3086,2.8192,1,1,0,1.65000,0.03500,2.00000,-1.0,20.0000,2.8192,1.2790,2.8192,-1.4359,1.2790,1.4359
734626,361510,1.0950,1.2000,18.6157,2.2624,4.0466,1,1,0,1.65000,0.03500,2.00000,-1.0,20.0000,4.0466,2.2290,4.0466,-2.3657,2.2290,2.3657
734642,361520,1.4744,1.2000,28.6255,2.9577,4.4608,1,1,0,1.65000,0.03500,2.00000,-1.0,20.0000,4.4608,2.8790,4.4608,-3.0830,2.8790,3.0830
734659,361530,1.6805,1.2000,26.1841,3.2895,4.8696,1,1,0,1.65000,0.03500,2.00000,-1.0,20.0000,4.8696,3.2673,4.8696,-3.3833,3.2673,3.3833
734675,361540,2.0929,1.2000,44.7388,3.8878,4.7365,1,1,0,1.65000,0.03500,2.00000,-1.0,20.0000,4.7365,3.9305,4.7365,-3.9036,3.9305,3.9036
734692,361550,2.2859,1.2000,41.2598,4.2572,5.2787,1,1,0,1.65000,0.03500,2.00000,-1.0,20.0000,5.2787,4.3025,5.2787,-4.2470,4.3025,4.2470
734709,361560,2.8709,1.2000,44.2505,4.4470,4.5881,1,1,0,1.65000,0.03500,2.00000,-1.0,20.0000,4.5881,4.4770,4.5881,-4.3863,4.4770,4.3863
734726,361570,2.6067,1.2000,24.8413,3.9345,4.6784,1,1,0,1.65000,0.03500,2.00000,-1.0,20.0000,4.6784,3.8980,4.6784,-3.9504,3.8980,3.9504
734743,361580,2.9715,1.2000,44.8608,3.7682,3.0432,1,1,0,1.65000,0.03500,2.00000,-1.0,20.0000,3.0432,3.6891,3.0432,-3.8056,3.6891,3.8056
734760,361590,3.2861,1.2000,18.6157,2.9321,1.7707,1,1,0,1.65000,0.03500,2.00000,-1.0,20.0000,1.7707,2.7643,1.7707,-2.9947,2.7643,2.9947
734776,361600,3.6058,1.2000,0.8545,1.8421,-0.3153,1,1,0,1.65000,0.03500,2.00000,-1.0,20.0000,-0.3153,1.6610,-0.3153,-1.8941,1.6610,1.8941
734792,361610,3.3418,1.2000,-12.5122,0.8000,-1.4960,1,1,0,1.65000,0.03500,2.00000,-1.0,20.0000,-1.4960,0.6872,-1.4960,-0.8322,0.6872,0.8322
734809,361620,2.8776,1.2000,-8.9722,0.1838,-2.0864,1,1,0,1.65000,0.03500,2.00000,-1.0,20.0000,-2.0864,0.1158,-2.0864,-0.1900,0.1158,0.1900
734825,361630,2.1914,1.2000,-9.5215,-0.3007,-1.9039,1,1,0,1.65000,0.03500,2.00000,-1.0,20.0000,-1.9039,-0.3328,-1.9039,0.2986,-0.3328,-0.2986
734842,361640,2.1383,1.2000,-3.1128,-0.5607,-2.5607,1,1,0,1.65000,0.03500,2.00000,-1.0,20.0000,-2.5607,-0.5748,-2.5607,0.5951,-0.5748,-0.5951
734858,361650,2.0531,1.2000,-20.5688,-1.2879,-3.2635,1,1,0,1.65000,0.03500,2.00000,-1.0,20.0000,-3.2635,-1.3084,-3.2635,1.3667,-1.3084,-1.3667
734875,361660,1.6574,1.2000,-28.8086,-2.0635,-3.8734,1,1,0,1.65000,0.03500,2.00000,-1.0,20.0000,-3.8734,-2.0597,-3.8734,2.1340,-2.0597,-2.1340
734891,361670,1.2331,1.2000,-30.0293,-2.6464,-4.2964,1,1,0,1.65000,0.03500,2.00000,-1.0,20.0000,-4.2964,-2.6794,-4.2964,2.6845,-2.6794,-2.6845
734908,361680,0.6271,1.2000,-32.3486,-3.0190,-3.9606,1,1,0,1.65000,0.03500,2.00000,-1.0,20.0000,-3.9606,-2.9627,-3.9606,3.0754,-2.9627,-3.0754
734925,361690,0.3982,1.2000,-17.5171,-2.7737,-3.6113,1,1,0,1.65000,0.03500,2.00000,-1.0,20.0000,-3.6113,-2.6112,-3.6113,2.8829,-2.6112,-2.8829
734941,361700,0.2927,1.2000,-7.3853,-2.2918,-2.8281,1,1,0,1.65000,0.03500,2.00000,-1.0,20.0000,-2.8281,-2.1373,-2.8281,2.4156,-2.1373,-2.4156
734958,361710,0.1946,1.2000,-1.8921,-1.9449,-2.1646,1,1,0,1.65000,0.03500,2.00000,-1.0,20.0000,-2.1646,-1.8437,-2.1646,2.0187,-1.8437,-2.0187
734974,361720,0.2536,1.2000,1.9531,-1.7563,-2.0194,1,1,0,1.65000,0.03500,2.00000,-1.0,20.0000,-2.0194,-1.6535,-2.0194,1.8587,-1.6535,-1.8587
734990,361730,0.3426,1.2000,4.1504,-1.7172,-2.1649,1,1,0,1.65000,0.03500,2.00000,-1.0,20.0000,-2.1649,-1.6915,-2.1649,1.7394,-1.6915,-1.7394
735006,361740,0.4615,1.2000,5.7983,-1.7283,-2.4410,1,1,0,1.65000,0.03500,2.00000,-1.0,20.0000,-2.4410,-1.6274,-2.4410,1.8474,-1.6274,-1.8474